street,city,state,geoid,state_code,county_code,tract
1617 EAST 9TH STREET,STOCKTON,CA,060770022012010,06,077,002201
3835 SANDPIPER COVE RUN,SOUTH BEND,IN,,,,
8725 COUNTRY CLUB DRIVE,PINETOP,AZ,040179649021018,04,017,964902
359 HAWTHORNE CIRCLE,MOUNT PROSPECT,IL,170318051114001,17,031,805111
303 COUNTY RD. 6100,KIRTLAND,NM,350450005071005,35,045,000507
2014 VILLARD AVENUE,SAINT PAUL,MN,271230376015001,27,123,037601
316 HERMITAGE DRIVE,FLORENCE,AL,010770106003018,01,077,010600
718 ELLIOTT STREET,KEWANEE,IL,170730309003005,17,073,030900
9059 TUMBLEWOOD DRIVE,BEACH CITY,TX,480717102021001,48,071,710202
415 S 100 E,PLEASANT GROVE,UT,490490005061003,49,049,000506
1700 ROUTE 27,EDISON,NJ,340230016002000,34,023,001600
708 ELMA AVE,ELGIN,IL,170318043131023,17,031,804313
3601 ECHOWAY RD,RICHMOND,VA,510411008042005,51,041,100804
4600 ESPERANZA,LOS ALAMOS,NM,350280002004037,35,028,000200
WEST 50TH ,EDINA,MN,,,,
16789 W. HELMS DR,BIG LAKE,AK,021700005012002,02,170,000501
4044 ASHWOOD COURT,WITHAMSVILLE,OH,,,,
64 RUTGERS PLACE,CLIFTON CITY,NJ,340311242022000,34,031,124202
HEMLOCK ST ,EUREKA,CA,,,,
3944 17TH AVENUE,SACRAMENTO,CA,060670044023001,06,067,004402
2022 WEST 83RD STREET,CLEVELAND,OH,390351017002007,39,035,101700
7433 GIRARD AVE NO.,BROOKLYN PARK,MN,270530268152017,27,053,026815
10220 SADDLE POINTE DRIVE,LOUISVILLE,KY,211110117091000,21,111,011709
OLD GEORGETOWN ROAD ,FRANKLIN TOWNSHIP,NJ,,,,
101 SPRING STREET,CHARLESTON,SC,450190010002004,45,019,001000
7 WOODHILL ROAD,NEWTOWN SQUARE,PA,420454099033001,42,045,409903
8738 OXWELL LANE,LAUREL,MD,240338002162018,24,033,800216
6414 LIME RIDGE PLACE,LOUISVILLE,KY,211110075021007,21,111,007502
1516 S. 48TH CT.,CICERO,IL,170318133021013,17,031,813302
168 SADDLE MOUNTAIN DR.,CALHOUN,GA,131299708012016,13,129,970801
724 KING STREET,DENVER,CO,080310009054007,08,031,000905
1459 CAPITOLA CIRCLE,STOCKTON,CA,060770008032000,06,077,000803
2841 RODNEY AVENUE,MODESTO,CA,060990020023021,06,099,002002
10400 FRANKLIN AVENUE,FRANKLIN PARK,IL,170318117011032,17,031,811701
OLD RAILROAD STREET,MARTIN,KY,,,,
3320 WEST CENTER STREET,ANDERSON,CA,060890120002003,06,089,012000
5454 W. GULF BANK,HOUSTON,TX,482015329002012,48,201,532900
9586 SAN BENITO AVENUE,GERBER,CA,061030008004013,06,103,000800
1800 CHINKAPIN TRAIL,MONTEREY,TN,471410001003048,47,141,000100
2813 KESSLER,WICHITA FALLS,TX,484850127001021,48,485,012700
3521 FINLEY,IRVING,TX,481130141533000,48,113,014153
901 ,TAFT,CA,,,,
3820 25TH AVENUE,SACRAMENTO,CA,060670037001005,06,067,003700
NE 16TH STREET,AMARILLO,TX,,,,
RT. 29 BYPASS,DANVILLE,VA,,,,
3611 CROYDON ROAD,HENRICO,VA,,,,
8136 CALICO STREET,SAN DIEGO,CA,060730083511004,06,073,008351
BIRMINGHAM HWY. @ TRAMORE PLACE,MILTON,GA,131210115112002,13,121,011511
890 E 59TH STREET,LOS ANGELES,CA,060372392021007,06,037,239202
1065 BRIARCLIFF ROAD,ATLANTA,GA,130890224012013,13,089,022401
615 CLAFLIN AVE,VILLAGE OF MAMARONECK,NY,361190072002020,36,119,007200
422 SISSON COURT,SILVER SPRING,MD,240317032082003,24,031,703208
7812 EVANS STREET,OMAHA,NE,310550065043011,31,055,006504
104 E ELM DR,ELM MOTT,TX,,,,
INTERSECTION OF SQUAW RD. NW AND CALLE NORTENA,ALBUQUERQUE,NM,,,,
1136 CARVER RD,CLEVELAND HEIGHTS,OH,390351960001006,39,035,196000
21021 W CIRCLE,OMAHA,NE,,,,
825 OAK KNOLL DR,ASHLAND,OR,410290018012000,41,029,001801
17979 LA BARRANCA RD.,LOS ALTOS,CA,,,,
20992 FIRST STREET,COTTONWOOD,CA,,,,
3529 - 3531 WALTON WAY EXTENSION,AUGUSTA,GA,,,,
54TH ,OMAHA,NE,,,,
4905 MINNESOTA AVENUE,WASHINGTON,DC,110010078061001,11,001,007806
CIRBY WAY / RIVERSIDE AVENUE INTERSECTION,ROSEVILLE,CA,,,,
116 S. MILTON ST.,PERSHING,IN,181770106005032,18,177,010600
227TH ST AND EASTON RD,EASTON,KS,,,,
CITY OF ASHBURN,ASHBURN,GA,,,,
1829 DUNN ROAD,SPANISH LAKE,MO,,,,
S.W. 7TH ,OKLAHOMA CITY,OK,,,,
401 JUBILEE ST.,ANDALE,KS,201730105002048,20,173,010500
1202 DRAKE AVENUE,CENTERVILLE,IA,190079504001064,19,007,950400
910 COPPERMINE RD,PAGE,AZ,040050021022000,04,005,002102
US HIGHWAY 95 AND FAIRMONT LOOP,COEUR D'ALENE,ID,,,,
COLONY NORTH ,WILMINGTON,DE,,,,
BROADWAY AND COTTON ST,NEW ULM,MN,,,,
358 WEST JACKSON,CHICAGO,IL,170318391002006,17,031,839100
112 W JEFFERSON,SOUTH BEND,IN,181410017001030,18,141,001700
ALLEY BEHIND 505 GARFIELD STREET,WALDEN,CO,080579556002039,08,057,955600
5408 NE ST. JOHNS ROAD,VANCOUVER,WA,530110410111015,53,011,041011
"NEAR 66-277 CREEK ROAD, FROM GOOGLE MAPS",BURGETTSTOWN,PA,421257137001015,42,125,713700
2800 GENTRYTOWN DRIVE,ANTIOCH,CA,060133072052003,06,013,307205
4040 SOUTHGATE DRIVE,SIOUX CITY,IA,191930036004076,19,193,003600
728 E. CHURCH STREET,SANDWICH,IL,170370021002010,17,037,002100
629 BRANDYWINE LANE,JACKSONVILLE,IL,171379517001004,17,137,951700
"DISTRICT REGULATOR STATION, R-316, MANHATTAN BLVD ",TOLEDO,OH,,,,
17 DANNY ROAD,HYDE PARK,MA,250251401023006,25,025,140102
12245 SOUTH ADA STREET,CHICAGO,IL,170315304002037,17,031,530400
3105 MADISON STREET,HYATTSVILLE,MD,240338060003000,24,033,806000
226 EAST CANAL DRIVE,GULF SHORES,AL,010030114193004,01,003,011419
3978 WHITE PLAINS ROAD,NEW YORK,NY,,,,
4710 MOFFETT ROAD,MOBILE,AL,010970034022015,01,097,003402
554 W 113 STREET,NEW YORK,NY,360610199004001,36,061,019900
4303 LEES CORNER ROAD,CHANTILLY,VA,510594916022012,51,059,491602
2945 S. WAYNE ROAD,WAYNE,MI,261635665002002,26,163,566500
LA 1 ,GRAND ISLE,LA,,,,
2057 ROUTE 208,MONTGOMERY,NY,360710108012010,36,071,010801
6010 COLUMBIA PIKE,FALLS CHURCH,VA,510594516012006,51,059,451601
1307 DUNWOODY AVENUE,OXON HILL,MD,240338017072006,24,033,801707
301 REACH COURT,BIRMINGHAM,AL,011170303491014,01,117,030349
60 KNOLLS CRESCENT,NEW YORK,NY,,,,
92 FRONT STREET,WEST SPRINGFIELD,MA,250138124033015,25,013,812403
710 SOUTH MEADOWS PARKWAY,RENO,NV,320310022083001,32,031,002208
3810 COUNCIL GROVE AVENUE,PINE LAWN,MO,,,,
1011 E RTE 34,EARLVILLE,IL,170999618003057,17,099,961800
4309 PRAIRIE WAY,MODESTO,CA,,,,
392 FROST STREET,CANTON,MS,280890305011020,28,089,030501
200 SHADY LANE,FRUITLAND,MD,,,,
6932 TORRESDALE AVENUE,PHILADELPHIA,PA,421010325002021,42,101,032500
4709 40TH AVENUE,HYATTSVILLE,MD,240338075002010,24,033,807500
28-29 209 STREET,NEW YORK,NY,,,,
219 EVERCLAY DRIVE,GREECE,NY,360550139011006,36,055,013901
198 JOSEPH STREET,HORSEHEADS,NY,360150108001002,36,015,010800
HIGH STREET DISTRICT REGULATOR STATION,FAIRPORT HARBOR,OH,,,,
4TH. AVE @ 4TH. ST. SW,CAIRO,GA,131319503002040,13,131,950300
WEST FLORISSANT AND LUCAS ,COUNTRY CLUB HILLS,MO,,,,
FIRST STREET AND COOLIDGE AVENUE,LAS VEGAS,NV,320030079003027,32,003,007900
17360 DIAMOND RD,FULTON,IL,171950004002034,17,195,000400
1721 HWY 61/67,CRYSTAL CITY,MO,,,,
3346 YELLOW-FLOWER RD,LAUREL,MD,240037405012003,24,003,740501
38 S. 5TH STREET,FULTON,NY,360750211013013,36,075,021101
ROCHESTER HWY.,SENECA,SC,,,,
2415 BOYD AVE.,BATON ROUGE,LA,220330009002058,22,033,000900
75 KIMBERLY DRIVE,SOUTH WINDSOR,CT,090034873001012,09,003,487300
N. 13TH ,ALLENTOWN,PA,,,,
2400 S BEATRICE,DETROIT,MI,261635247001012,26,163,524700
6345 LOUDON AV,ELKRIDGE,MD,240276012041002,24,027,601204
13 BAILEY ROAD,PARK FOREST,IL,170318294021002,17,031,829402
82 UNIVERSITY PLACE,NEW YORK,NY,360610061001002,36,061,006100
8403 POTOMAC AVENUE,COLLEGE PARK,MD,240338070003004,24,033,807000
WEAVER DAIRY RD NEAR MLK BLVD,CHAPEL HILL,NC,,,,
22 FREEWAY @ BOLSA CHICA,GARDEN GROVE,CA,,,,
748 MANIDA STREET,NEW YORK,NY,,,,
10567 OLD-ELLICOTT CIR,ELLICOTT CITY,MD,,,,
2820 EAST 90TH STREET,CLEVELAND,OH,390351145011036,39,035,114501
DETROIT RD.,AVON,OH,,,,
BROADWAY ST AND COTTONWOOD ST,NEW ULM,MN,270159601021044,27,015,960102
31 MILFORD ST,BINGHAMTON,NY,360070007002001,36,007,000700
10397 ROYAL CREST,TRUCKEE,CA,060570012051020,06,057,001205
306 E 116 ST,NEW YORK,NY,360610188002001,36,061,018800
9816 HOUSTON AVENUE,LAMONT,CA,060290064063003,06,029,006406
UNIVERSITY AVE AND FRY,SAINT PAUL,MN,271230320002017,27,123,032000
FAWCETT ST ,EAST LIVIERPOOL,OH,,,,
885 HOMEWOOD DRIVE,PAINESVILLE,OH,390852044003013,39,085,204400
1160 W. VIRGINIA AVE,DENVER,CO,080310013022003,08,031,001302
14200 JOHN MARSHALL HIGHWAY,GAINESVILLE,VA,511539015071016,51,153,901507
1020 DAVID STREET,MEMPHIS,TN,471570068001002,47,157,006800
1333 ELSON RD,BROOKHAVEN,PA,420454064011003,42,045,406401
3015 ELLICOTT ROAD,BELTSVILLE,MD,240338074075005,24,033,807407
WEST JERSEY ST. NEAR UNION ST.,ELIZABETH,NJ,,,,
11217 WILLAM PLAZA,OMAHA,NE,310550068031015,31,055,006803
320 N. 2ND ST.,ST. CHARLES,IL,170898523002001,17,089,852300
533 EAST 11 STREET,NEW YORK,NY,360610034002000,36,061,003400
INTERSECTION 75 AVE AND MAIN STREET,NEW YORK,NY,,,,
610 CRUGER ROAD,EUREKA,IL,,,,
11818 CROSSROADS PLACE,CONCORD,NC,370250415072012,37,025,041507
3605 E MARGINAL WAY S,SEATTLE,WA,530330093003111,53,033,009300
1411 GRANITE AVE.,BILLINGS,MT,301110006001000,30,111,000600
2121-23 BIENVILLE ST.,NEW ORLEANS,LA,220710049001013,22,071,004900
3311 CITY HEIGHTS RD,ASHLAND,WI,550039504001034,55,003,950400
841 WILLOW VALLEY CT,COOKEVILLE,TN,471410006002009,47,141,000600
2220 LAKE AVE,PUEBLO,CO,081010023002008,08,101,002300
RIVERSIDE AND FRANKLIN AVE,MINNEAPOLIS,MN,,,,
3600 SHAWNEE TRAIL,LAKE WORTH,TX,484391104011000,48,439,110401
135 CRAWFORD STREET,OXFORD,MI,261251215001013,26,125,121500
800 BLOCK OF S. GARRISON ST,LAKEWOOD,CO,,,,
STRINGTOWN ROAD BETWEEN GATEWAY CENTER DRIVE ,CLARKSBURG,MD,,,,
7200 DUPONT AVE NORTH,BROOKLYN CENTER,MN,270530202024004,27,053,020202
4110 78 COURT NO,BROOKLYN PARK,MN,270530268113004,27,053,026811
320 E 2ND,SUPERIOR,NE,311299601002124,31,129,960100
ALGONQUIN ST AND IRQUOIS ST,MORRISTOWN,TN,470631002002039,47,063,100200
44534 VIRGO ROAD,GARRISON,MN,,,,
BIG TIMBER LANE AT MILL SPRING COURT,CHESTERFIELD,MO,291892178532006,29,189,217853
231 MULBERRY ST,UNIONTOWN,KY,212259501002016,21,225,950100
900 BLK LIPAN,CORPUS CHRISTI,TX,483550064003025,48,355,006400
WOODLAKE RD,ALBANY,NY,,,,
5821 SARATOGA,CORPUS CHRISTI,TX,483550054132000,48,355,005413
8163 DORSETT STREET APT. 5A,DOUGLASVILLE,GA,130970803032015,13,097,080303
4TH ST. AND 3RD AVE.,ODESSA,WA,,,,
CHURCH ST. ,BLOOMFIELD,NM,,,,
1518 LINCOLN AVENUE,POMPTON LAKES,NJ,340311964013016,34,031,196401
INTERSECTION OF PELL PL AND BEECHMONT PL,NEW ROCHELLE,NY,,,,
20299 NORTHWEST SQUARE,CUPERTINO,CA,,,,
150 LINCOLN STREET,ELMONT,NY,360594050002001,36,059,405000
28100 SH 249,TOMBALL,TX,,,,
1467 TERRACE STREET,MUSKEGON,MI,261210005004002,26,121,000500
12312 5TH AVE NE,SEATTLE,WA,530330006013001,53,033,000601
12611 LACEY BLVD,HANFORD,CA,060310010013032,06,031,001001
456 MORAN,GROSSE POINTE FARMS,MI,261635507003017,26,163,550700
47 CHESTNUT STREET,WALTHAM,MA,250173685003006,25,017,368500
22 MANNING STREET,READING,MA,250173344004006,25,017,334400
COLLINDALE DISTRICT REGULATING STATION,GRAND RAPIDS,MI,,,,
1988 SE LUND AVE,PORT ORCHARD,WA,530350923003000,53,035,092300
189 CLEVELAND DRIVE,CROTON,NY,,,,
5129 KOSTORYZ,CORPU CHRISTI,TX,483550019051001,48,355,001905
10 MANOR AVENUE,MILLERSVILLE,PA,420710136011015,42,071,013601
SAINT ROSE PARKWAY AND EASTERN AVENUE,HENDERSON,NV,320030028461010,32,003,002846
763 SE HIGH STREET,HILLSBORO,OR,410670325013063,41,067,032501
1623 S. 48TH ST.,SPRINGDALE,AR,051430105123000,05,143,010512
312 WOODROW AVE.,NEW ALBANY,IN,180430703022009,18,043,070302
522 NO. WEWOKA,WETUMKA,OK,400634846002056,40,063,484600
367/369 WAYNE DRIVE,FAIRBORN,OH,390572003002011,39,057,200300
330 MONUMENTAL CIRCLE,SPARKS,NV,320310035032010,32,031,003503
6652 S. KEATING,CHICAGO,IL,170316408002009,17,031,640800
104 MADISON,BUTLER,KY,211919301021058,21,191,930102
5206 RIVER TRAIL PLACE,LOUSIVILLE,KY,211110117071003,21,111,011707
280 OLD HICKORY RIDGE ROAD,WASHINGTON,PA,421257421021003,42,125,742102
17 HERITAGE DRIVE,MOUNT PLEASANT,NY,,,,
4690 KEYSVILLE ROAD,SPRING HILL,FL,120530411032010,12,053,041103
17107 SUNSHINE BAY DR.,HOUSTON,TX,482012405041001,48,201,240504
2164 AVENUE B,SCHENECTADY,NY,360930201022007,36,093,020102
1712 AND 1710 PAYNE AVENUE,AUSTIN,TX,484530015052020,48,453,001505
104 WOOTEN,SUBLETTE,KS,200814631004023,20,081,463100
INTRERSECTION W 175 ST ,NEW YORK,NY,,,,
15098 LAHSER ROAD,DETROIT,MI,261635448002013,26,163,544800
3820 FT. RILEY BLVD.,MANHATTAN,KS,201610006022020,20,161,000602
1905 SW NAVAJO,TOPEKA,KS,201770026012007,20,177,002601
2825 1ST AVE.,SPEARFISH,SD,460819661011110,46,081,966101
3056 LANFRANCO,LOS ANGELES,CA,060372041201004,06,037,204120
4213 S 37TH STREET,OMAHA,NE,310550031004021,31,055,003100
2807 WONG PL,EL PASO,TX,481410103162004,48,141,010316
1213 LEEVILLE PIKE,LEBANON,TN,471890306002013,47,189,030600
N SKYLINE DR. ,OMAHA,NE,,,,
529 W 217 STREET,NEW YORK,NY,360610307002000,36,061,030700
8821 HOWARD-FOREST LA,BALTIMORE,MD,240054037031006,24,005,403703
2111 ACACIA PARK DR,LYNDHURST,OH,390351702022007,39,035,170202
4501 E MAIN,WEATHERFORD,OK,400399607012000,40,039,960701
974 SOUTH J STREET,OAKDALE,CA,060990002052027,06,099,000205
BLACK MOUNTAIN RD. ,HILLSBOROUGH,CA,,,,
AMERICAN FALLS GATE STATION,AMERICAN FALLS,ID,,,,
UNION COUNTY PARKWAY,UNION,NJ,,,,
36 S. UTAH AVENUE,NEWARK,OH,390897541021025,39,089,754102
INTERSECTIION OF HWY 68 ,KILPATRICK,AL,,,,
1446 HECKMAN WAY,SAN JOSE,CA,060855079042007,06,085,507904
217 MASSOLO COURT,SALINAS,CA,060530018012012,06,053,001801
2351 PALAMINO ROAD,LIVERMORE,CA,060014512021064,06,001,451202
2811 SAN BRUNO AVENUE,SAN FRANCISCO,CA,060750257021002,06,075,025702
3286 S. STATE ROAD 43,CHALMERS,IN,,,,
1305 RIEDEL RD,GAMBRILLS,MD,240037022081001,24,003,702208
ALLEY W OF 6TH AND HEYLMAN,FORT SCOTT,KS,,,,
1401 N. LORRAINE AVE,WICHITA,KS,201730009003006,20,173,000900
65 FELLER DRIVE,CENTRAL ISLIP,NY,361031457051002,36,103,145705
313 ATKINSON STREET,ROSEVILLE,CA,060610209083033,06,061,020908
10374 BRAEMAR DR,POWELL,OH,390410114301004,39,041,011430
E. DUARTE ,ARCADIA,CA,,,,
748 INVERNESS,RANCHO MIRAGE,CA,060659406002013,06,065,940600
631 S. SAN JOSE AVENUE,CLAREMONT,CA,060374020012011,06,037,402001
775 CHERRY ST,WAUKEE,IA,190490509011031,19,049,050901
410.5 59TH ST.,WEST PALM BEACH,FL,120990011013017,12,099,001101
PLACITAS DE LUNA / CAMINO FRANCISCA,SANTA FE,NM,,,,
HWY 20 @ HWY 240,SUMMERTOWN,TN,,,,
4619 BALDWIN BLVD,CORPUS CHRISTI,TX,483550008002029,48,355,000800
905 BRIDGER DRIVE,GREEN RIVER,WY,560379706013004,56,037,970601
BROADWAY ,NYACK,NY,,,,
81944 HIGHWAY 111,INDIO,CA,060650452071000,06,065,045207
39395 HALLELUJAH TRAIL,SOLDOTNA,AK,021220004002020,02,122,000400
341 MONTROSE AVENUE,SOUTH ORANGE,NJ,340130191004023,34,013,019100
1045 HAMLIN DR,CORPUS CHRISTI,TX,483550025003008,48,355,002500
11412 VENTURA BLVD.,STUDIO CITY,CA,060371438021005,06,037,143802
4215 TIMBERHILL DRIVE,SAN ANTONIO,TX,480291817252002,48,029,181725
272 REOCK AVENUE,ORANGE,NJ,340130186002009,34,013,018600
3200 BLOCK OF KANSAS AVE,TOPEKA,KS,201770033012024,20,177,003301
27 LAKE WARREN DRIVE,LITTLETON,MA,250173241023009,25,017,324102
866 SCENIC DRIVE,NORTH MUSKEGON,MI,261210016002008,26,121,001600
707 8 AVE S.E.,MINNEAPOLIS,MN,270530038011008,27,053,003801
11 NOE ST,CARTERET,NJ,340230036013000,34,023,003601
15 KENWOOD ROAD,GARDEN CITY,NY,360594066002018,36,059,406600
96 FOREST AVENUE,MASSAPEQUA,NY,360595213022014,36,059,521302
122 SAINT MARKS AVENUE,FREEPORT,NY,360594145012007,36,059,414501
453 WORTHINGTON STREET,SPRINGFIELD,MA,250138012003004,25,013,801200
425 WATER ST,FITCHBURG,MA,250277106022012,25,027,710602
"2, 477 ' W OF WALLACE CREEK RD, HWY 222, MP 4.52",JASPER,OR,,,,
34 GLEN ST.,ALFRED,NY,360039508002077,36,003,950800
N. JACKSON STREET,CAMPBELLSVILLE,KY,,,,
390 FALL RIVER AVE,SEEKONK,MA,250056322001010,25,005,632200
5TH STREET BETWEEN BEACHEY AND DIKE BYPASS (NORTH OF RR TRACKS),LEWISTON,ID,,,,
872 BLUE BELL DRIVE,MINOT,ND,381010113001134,38,101,011300
121 OBION RD,HOUSTON,TX,482012214003005,48,201,221400
1925 CURCH STREET,LAS VEGAS,NM,,,,
2100 E BALL ROAD,ANAHEIM,CA,060590863031002,06,059,086303
35 W. BROOKLINE DRIVE,LAUREL SPRINGS,NJ,340076082092000,34,007,608209
2816 CENTER RD,POLAND,OH,390998110011008,39,099,811001
4420 OVERLOOK LN,LAS CRUCES,NM,350130013183014,35,013,001318
2126 BALER DR.,LAWRENCEBURG,TN,470999605013027,47,099,960501
851 WASHINGTON STREET,HUNTSVILLE,AL,010890030001043,01,089,003000
9208 SOUTH VILLA AVENUE,OKLAHOMA CITY,OK,400272019043003,40,027,201904
520 E. MAIN,LEWISVILLE,TX,481210216181000,48,121,021618
S TACOMA WAY AND SPRAGUE ST,TACOMA,WA,,,,
MT. MISSION RD.,METROPOLIS,IL,,,,
1615 WATER WORKS ROAD,NEWPORT,KY,,,,
3210 HWY 31W,WHITE HOUSE,TN,471650204052002,47,165,020405
60TH STREET AND OAK AVE,ALTOONA,PA,420130105003040,42,013,010500
221 TENNIE,GAINESVILLE,TX,,,,
SWENSON STREET AND COLBY AVENUE,LAS VEGAS,NV,320030068003005,32,003,006800
21 HARRISON ST.,TIFFIN,OH,391479635003015,39,147,963500
71 SUCH DRIVE,ATTLEBORO,MA,250056318001018,25,005,631800
8 MARPLE RD,POUGHKEEPSIE,NY,360271403021001,36,027,140302
166 MOUNT PLEASANT TERRACE,NEWTOWN,CT,090012301002041,09,001,230100
5479 JAY ROAD,BOULDER,CO,080130127053007,08,013,012705
NEAR 910 W 48TH ST,KANSAS CITY,MO,,,,
4232 COOPER AVENUE,ROYAL OAK,MI,261251833002008,26,125,183300
1ST STREET ,GARY,IN,,,,
1501 A STREET,AURORA,NE,310819693001061,31,081,969300
214 LUNENBURG ST,FITCHBURG,MA,250277110001015,25,027,711000
9614 SALTILLO ST,HOUSTON,TX,482012325001019,48,201,232500
4 CHOATE AVENUE,SELDEN,NY,361031581111013,36,103,158111
1710 MARTIN LUTHER KING WAY,BERKELEY,CA,060014223002000,06,001,422300
55-61 PROCTOR STREET,WATERBURY,CT,090093514003000,09,009,351400
1752 N 7TH ST,GRAND JUNCTION,CO,080770005002001,08,077,000500
511 EWING STREET,PRINCETON TOWNSHIP,NJ,340210042061003,34,021,004206
299 PEARL STREET,NEW YORK,NY,360610015013016,36,061,001501
6455 EL CAMINO ROAD,ATASCADERO,CA,,,,
1300 EAST SHAW AVENUE,FRESNO,CA,060190054031002,06,019,005403
7245 SOUTH HWY 165,HYRUM,UT,,,,
1118 E. BRIDGEPORT AVE,SPOKANE,WA,530630015004013,53,063,001500
1811 N GALVEZ STREET,NEW ORLEANS,LA,220710028001010,22,071,002800
426 EAST 4 STREET,MOUNT VERNON,NY,361190034004008,36,119,003400
BRONX STREET AND HAMILTON AVENUE,WHITE PLAINS,NY,,,,
LINCOLN AVENUE AND BROOKSIDE WAY,TOWN OF HARRISON,NY,,,,
144 BRADHURST AVENUE,MOUNT PLEASANT,NY,,,,
MCKEE ROAD AND N CLAREMONT,SAN JOSE,CA,060855039024007,06,085,503902
ALTA VISTA AND LINDEN AVENUE,BAKERSFIELD,CA,,,,
TARRYTOWN ROAD AND YELLOWSTONE AVENUE,TOWN OF GREENBURGH,NY,,,,
1060 KNOLLWOOD ROAD,TOWN OF GREENBURGH,NY,,,,
9411 TUDOR LANE,GARDEN GROVE,CA,060590881052000,06,059,088105
BRADHURST AVE ,TOWN OF MT. PLEASANT,NY,,,,
685 EAST 226 STREET,BRONX,NY,360050408002001,36,005,040800
816 UTAH ST.,TOLEDO,OH,390950051022001,39,095,005102
BRONX STREET AND HAMILTON AVENUE,WHITE PLAINS,NY,,,,
BAYCHESTER AVENUE AND NEREID AVENUE,BRONX,NY,360050444001000,36,005,044400
POPHAM AVENUE AND SOUTH CHURCH LANE,SCARSDALE,NY,361190101003021,36,119,010100
1218 NOBLE AVENUE,BRONX,NY,360050068001001,36,005,006800
INTERSECTION OF 13TH AND FOUNTAIN,WICHITA,KS,,,,
1119 LONGWOOD AVENUE,BRONX,NY,360050093015010,36,005,009301
1060 KNOLLWOOD ROAD,TOWN OF GREENBURGH,NY,,,,
HIGHWAY 280 AT THIRD AVENUE,MOUNT VERNON,GA,,,,
HIGHWAY 84 AT CHURCH STREET,PATTERSON,GA,,,,
LOVE SPRINGS REGULATOR STATION,GREENSBORO,GA,,,,
INTERSECTION OF CASTLE HILL AND WESTCHESTER AVENUES,NEW YORK,NY,,,,
527 BEACH 64TH STREET,ARVERNE,NY,360810964001006,36,081,096400
UPTON AND W. CENTRAL,TOLEDO,OH,,,,
14115 SAINT CLAIR AVE,CLEVELAND,OH,390351173003005,39,035,117300
177 SOUTH HIGHLAND AVENUE,NYACK,NY,360870132002001,36,087,013200
3100 TERMINAL RD S,HOUSTON,TX,,,,
4362 EAST LAKE MEAD BOULEVARD,LAS VEGAS,NV,320030071003004,32,003,007100
11504 BRIARCREEK LOOP,MANOR,TX,484530022182019,48,453,002218
901 NW 7TH,GRAND PRAIRIE,TX,481130155001015,48,113,015500
1876 BOARDWALK AVE,PRESCOTT,AZ,040250004071000,04,025,000407
1605 WINFIELD AVE,VILLAGE OF MAMARONECK,NY,,,,
2800 BOYNE MOUNTAIN ROAD,BOYNE FALLS,MI,260290012001025,26,029,001200
32 GRACE DRIVE,OLD BRIDGE TOWNSHIP,NJ,340230078053001,34,023,007805
4367 GRESHAM DRIVE,EL DORADO HILLS,CA,060170307103007,06,017,030710
20189 4TH STREET,HILMAR,CA,060470004042015,06,047,000404
3116 E. VIENNA ROAD,CLIO,MI,260490125032000,26,049,012503
12340 CONWAY RD,BELTSVILLE,MD,240338074083046,24,033,807408
627 PLEASANT ST,WINTHROP,MA,250251802001005,25,025,180200
ROCKY HILL ROAD ,SMITHFIELD,RI,,,,
15113 S PADRE ISLAND DR,CORPUS CHRISTI,TX,483550062032000,48,355,006203
387 LA CADENA DR,RIVERSIDE,CA,060650423002025,06,065,042300
PLANK STREET  ,BEDFORD,MA,,,,
174 EVANS AVE,BLAIRSVILLE,PA,420639621001006,42,063,962100
8122 HANSOM DRIVE,OAKLAND,CA,060014081003004,06,001,408100
7734 S. VICTOR,TULSA,OK,401430076412000,40,143,007641
529 E. 1ST STREET,GLADWIN,MI,260510007002009,26,051,000700
20TH AVENUE ,TWO HARBORS,MN,,,,
SW CORNER OF 151ST ,OVERLAND PARK,KS,,,,
1705 WASHINGTON ST. - UNITS 176 ,PALATKA,FL,121079508002012,12,107,950800
268 PONDEROSA DR.,KAYENTA,AZ,040179425003042,04,017,942500
24 LAKEVIEW AVENUE,RIPLEY,NY,360130366001011,36,013,036600
366 MAY STREET,ELGIN,IL,170898514005006,17,089,851400
400 ABBEY ROAD,BELINGTON,WV,540839659001031,54,083,965900
1900 SAM HOUSTON PARKWAY @ ALMEDA RD,HOUSTON,TX,482015101002006,48,201,510100
8740 124TH STREET,RICHMOND HILL,NY,,,,
7616 W VARNEY ROAD,PEORIA,AZ,,,,
43240 CORTE ALMONTE,TEMECULA,CA,060650432642001,06,065,043264
201 EAST MYLES AVENUE,PENNSBORO,WV,540859623002037,54,085,962300
13646 LIVE OAK LANE,IRWINDALE,CA,060374046001052,06,037,404600
450 N. PATRIOT DRIVE,HAINESVILLE,IL,170978611083007,17,097,861108
7009 RIDGE BLVD.,BAY RIDGE,NY,,,,
6701 ALMEDA GENOA,HOUSTON,TX,482013337002037,48,201,333700
2601 WESTCHESTER AVENUE,NEW YORK,NY,,,,
291 W CR 600 N,RUSHVILLE,IN,181399741001115,18,139,974100
COUNTY RD 143,Not Within a Municipality,MN,,,,
4268 WELLINGTON HILLS LN,SNELLVILLE,GA,131350507292002,13,135,050729
7546 64TH COURTWAY SOUTH,BIRMINGHAM,AL,010730023031015,01,073,002303
7916 HARWOOD RD,NORTH RICHLAND HILLS,TX,484391132232001,48,439,113223
15 COLONIAL DR,SHREWSBURY,MA,250277395001005,25,027,739500
4565 KIPLING STREET,WHEATRIDGE,CO,080590104034001,08,059,010403
12334 GEDDES ROAD,HEMLOCK,MI,261450120022025,26,145,012002
307 S. RAMONA ST,HEMET,CA,060650434012029,06,065,043401
6401 SOUTH OLIVER,WICHITA,KS,,,,
271 LITTLETON ROAD,WESTFORD,MA,,,,
2800 LAKESHORE WAY,TWIN LAKES,WI,550590030013011,55,059,003001
101 DELAWARE STREET,NYC,NY,,,,
1849 S.S BANCROFT STREET,PHILADELPHIA,PA,421010030013005,42,101,003001
MILLETT ,LANSING,MI,,,,
15 HOPKINS BRANCH WAY,FREDERICKSBURG,VA,511790103073008,51,179,010307
245 LYMAN,TERRELL HILLS,TX,480291204011001,48,029,120401
620 E. PEACH,BOZEMAN,MT,300310007011005,30,031,000701
700 S. PERRY STREET,ATTICA,IN,180459577003030,18,045,957700
6200 SARATOGA BLVD,CORPUS CHRISTI,TX,483550033063003,48,355,003306
9506 CENTRAL AVE,MONTCLAIR,CA,060710002051004,06,071,000205
447 N. LAKEWOOD AV,BALTIMORE,MD,245100602004002,24,510,060200
4226 KELLER ROAD,HOLT,MI,260650054021000,26,065,005402
S. CAMAS BEHIND WAPATO IRRIGATION,WAPATO,WA,,,,
2754 WILDER LANE,WATERFORD,MI,261251444002005,26,125,144400
GUADALUPE STREET AT 3RD AVE.,CARMEL,CA,,,,
28 CROCKETT LANE,EWING,NJ,340210037061006,34,021,003706
100 PATTEN CHAPEL ROAD,CHATTANOOGA,TN,470650121002001,47,065,012100
1644/1646 PARK AVENUE,NEW YORK,NY,360610184005002,36,061,018400
BONNEVILLE AVENUE AND GRAND CENTRAL PARKWAY,LAS VEGAS,NV,320030003012035,32,003,000301
321 GREYCLIFF BLUFF DR,ST. LOUIS,MO,291892204451015,29,189,220445
1 MUSEUM WAY,CORNING,NY,,,,
7775 SMITHS CREEK ROAD,WALES TOWNSHIP,MI,261476526001071,26,147,652600
19717 FAIRPORT,DETROIT,MI,261635033002005,26,163,503300
7806 EAGLE CT.,ALEXANDRIA,VA,510594215002000,51,059,421500
INTERSECTION: O STREET ,BREMERTON,WA,,,,
8336 N. SAGINAW,MT. MORRIS,MI,,,,
4771 TRENTON COURT,LONG GROVE,IL,170978645111034,17,097,864511
149 AVE. TO 156 AVE FROM 77 ST. TO 80 ST.,HOWARD BEACH,NY,,,,
25 E TURNBERRY DRIVE,TOWN OF GREENBURGH,NY,,,,
23136 PARK CONTESSA,CALABASAS,CA,060378002042004,06,037,800204
405 RAMBLER RD,MERCED,CA,060470010043002,06,047,001004
3475 WILLOW LAKE BLVD,VADNAIS HEIGHTS,MN,,,,
1042 NORTH 51ST AVENUE,PHOENIX,AZ,040131125122005,04,013,112512
150'SOUTH OF THE INTERSECTION OF NW GRANT ,TOPEKA,KS,,,,
"INDIAN TRAIL ROAD, BETWEEN 26 AND 27 MILE ROAD",RAY TOWNSHIP,MI,,,,
439 CORBETT AVENUE,SAN FRANCISCO,CA,060750204012001,06,075,020401
SOMERSVILLE RD. ,ANTIOCH,CA,,,,
UNKNOWN,BUSHLAND,TX,,,,
EL PASO DISTRIBUTION SYSTEM,EL PASO,TX,,,,
NW 28TH STREET ,BETHANY,OK,,,,
3802 HILLTOP DRIVE,SAN DIEGO,CA,060730034031001,06,073,003403
RUBY AVE.  ,SAN JOSE,CA,,,,
1ST ,MILFORD,NE,,,,
1840 E. 23RD ST. UNIT A,MERCED,CA,060470014012002,06,047,001401
118 PENROSE LANE,COATESVILLE,PA,420293056001011,42,029,305600
1809 EDSON,HUDSONVILLE,MI,261390218022000,26,139,021802
2000 W. OCEANFRONT,NEWPORT BEACH,CA,060590628001009,06,059,062800
272 RIVER RD,ANDOVER,MA,250092544021007,25,009,254402
ELDERADO PARKWAY ,LITTLE ELM,TX,,,,
15253 EVANSTON,DETROIT,MI,261635011002006,26,163,501100
"6908 REDONDO PEAK RD, N.E.",RIO RANCHO,NM,350430107024020,35,043,010702
18117 N PARKVIEW TERRACE LOOP,EAGLE RIVER,AK,020200002054000,02,020,000205
136 W. MAIN ST,NEWARK,OH,390897590001061,39,089,759000
310 PAIGE ST.,SCHENECTADY,NY,360930210021004,36,093,021002
EAST 80TH STREET AND CRANDON AVENUE,CHICAGO,IL,170314605001014,17,031,460500
37 KNIGHT DR,NORTH LITTLE ROCK,AR,051190027002001,05,119,002700
EARTHQUAKE EPICENTER,AMERICAN CANYON,CA,,,,
35189 CO 6,GOODHUE,MN,,,,
629 HWY D,LOCKWOOD,MO,,,,
25TH ST. AND HOLMES,KANSAS CITY,MO,,,,
3050 LAKECREST CIRCLE,LEXINGTON,KY,210670042084009,21,067,004208
3575 WEST TROPICANA AVENUE,LAS VEGAS,NV,320030029621008,32,003,002962
3218 QUANDT ROAD,LAFAYETTE,CA,060133400042006,06,013,340004
RIDDER PARK DR. ,SAN JOSE,CA,,,,
7373 SHERMAN CHURCH RD,EAST SPARTA,OH,,,,
NW CORNER OF MAIN ST AND SUNNYSIDE ST,BEMUS POINT,NY,,,,
2404 VENUS ST.,PORTAGE,IN,181270504082006,18,127,050408
"WEST SIDE OF IN161, EAST SIDE OF 2ND AVE, SOUTH MAIN STREET",HOLLAND,IN,,,,
417 PRIMAVERA AVE.,PALM BEACH,FL,120990035132009,12,099,003513
935 BROADWAY STREET,KING CITY,CA,060530113061005,06,053,011306
BELMONT STREET AND LAKE MEAD BOULEVARD,NORTH LAS VEGAS,NV,320030043021000,32,003,004302
3166 HWY 83N,SEELEY LAKE,MT,,,,
2101 N. PITCHER STREET,KALAMAZOO,MI,260770015013032,26,077,001501
45 TRANTOR PLACE,NEW YORK,NY,,,,
457 RED WING LANE,DEKALB,IL,170370005001030,17,037,000500
1600 MAIN,DICKSON CITY,PA,420691115001036,42,069,111500
19910 LIZZIE RIDGE LN,CYPRESS,TX,482015430075028,48,201,543007
1149 PEMBROKE,NEWARK,OH,390897539002015,39,089,753900
LOUISIANA HIGHWAY 21 @ N. AZALEA,COVINGTON,LA,,,,
1 S. MARKET STREET,SAN JOSE,CA,060855008003002,06,085,500800
1705 GRANVILLE AVENUE,MUNCIE,IN,180350011001009,18,035,001100
2808 AVENUE F,ROSENBERG,TX,481576750001022,48,157,675000
1384 ESSEX WAY,SAN JOSE,CA,060855065051001,06,085,506505
516 WEST JEFFERSON ST,KOSCIUSKO,MS,280070606001014,28,007,060600
4624 WINTER PARK,MEMPHIS,TN,471570217471015,47,157,021747
40 NOTTINGHAM WAY,MAHOPAC,NY,360790113002001,36,079,011300
243 N MULLEN RD AT LARKSPUR,BELTON,MO,290370600043011,29,037,060004
8 LOWER VALLEY LN.,NEWARK,DE,100030136151003,10,003,013615
2148 WEST 107TH PLACE,CHICAGO,IL,170317502003002,17,031,750200
413 SMITH STREET,DUNMORE,PA,420691121002018,42,069,112100
13417 W STATE ROAD 46,COLUMBUS,IN,180050110002009,18,005,011000
OCOTILLO ROAD ,QUEEN CREEK,AZ,,,,
11812 MILLWRIGHT PARKWAY,AUSTIN,TX,484910204053011,48,491,020405
925 S. BUCKNER BLVD.,DALLAS,TX,481130093011017,48,113,009301
51ST. AVE. ,OAKLAND,CA,,,,
409 WEST HILL DR.,JACKSON,MS,280490007001016,28,049,000700
805 SOUTH MIDKIFF,MIDLAND,TX,483290011001023,48,329,001100
7340 BRIGHTON RD,COMMERCE CITY,CO,080010088023032,08,001,008802
621 LAKE ST,SANDPOINT,ID,160179503002064,16,017,950300
5 MCCRORY STREET,CORDOVA,AL,011270215003021,01,127,021500
9806 ROCKCREST DR,HOUSTON,TX,482015216001021,48,201,521600
2160 TULLY ROAD,SAN JOSE,CA,060855033053006,06,085,503305
7912-14 ARDLEIGH ST.,PHILADELPHIA,PA,421010257001005,42,101,025700
1499 W. PALMETTO PARK RD.,BOCA RATON,FL,120990076031004,12,099,007603
992 EL CAMINO REAL,SAN BRUNO,CA,060816041041002,06,081,604104
13067 BESS AVE,BALDWIN PARK,CA,060374047032003,06,037,404703
2398 SOUTH BOULDER HIGHWAY,HENDERSON,NV,320030054331012,32,003,005433
169 BATLEY ROAD,Not Within a Municipality,TN,,,,
10901 SE 29TH,MIDWEST CITY,OK,,,,
7 BANDON CIRCLE,WESTFORD,MA,,,,
400 EAST SOUTH STREET,JACKSON,MI,260750013001018,26,075,001300
2637 KINGSTOWNE DRIVE,COMMERCE TOWNSHIP,MI,261251345001004,26,125,134500
45 SHAWMUT RD,CANTON,MA,250214151013009,25,021,415101
130 WOODBURY STREET,PROVIDENCE,RI,440070034001026,44,007,003400
59 OAK AV,STAFFORD TOWNSHIP,NJ,340297351043028,34,029,735104
915 INGRA STREET,ANCHORAGE,AK,020200009011041,02,020,000901
ELK-GROVE FLORIN RD AND GERBER RD,SACRAMENTO,CA,060670051022002,06,067,005102
85 ROUNSEVELL ROAD,TEWKSBURY,MA,250173154022027,25,017,315402
68 LOCKE ROAD,HAMPTON,NH,330150650093000,33,015,065009
442 PACIFIC STREET,BROOKLYN,NY,360470041003001,36,047,004100
5204 TRENTON,DETROIT,MI,261635261001006,26,163,526100
1903 PEBBLE LAKE ROAD,FERGUS FALLS,MN,271119610001006,27,111,961000
INTERSECTION OF POWERS BLVD AND OLD RANCH RD,COLORADO SPRINGS,CO,,,,
9430 ELOISE ST.,DALLAS,TX,481130119011002,48,113,011901
SEC OF RANGELINE ,JOPLIN,MO,,,,
443 CALHOUN DIRVE,FLORENCE,AL,010770110003000,01,077,011000
59 LONE ST,MARSHFIELD,MA,250235081015005,25,023,508101
3418 SUNNINGDALE WAY,UPPER ARLINGTON,OH,390490063232001,39,049,006323
INTERSECTION DORSETT STREET @ FULGHAM DRIVE,DOUGLASVILLE,GA,,,,
VAR. LOC'S IN NORTHERN QUEENS,NEW YORK,NY,,,,
298 KINGS TOWN WAY,DUXBURY,MA,250235071012006,25,023,507101
316 S. MAIN STREET,MEDFORD,WI,551199605003015,55,119,960500
4487 E. M-71,CORUNNA,MI,261550317003022,26,155,031700
INTERSECTION OF E 54 STREET AND LEXINGTON AVENUE,NEW YORK,NY,,,,
9503 RUSH ST,SOUTH EL MONTE,CA,060374335061013,06,037,433506
340 SW S MACEDA BLVD.,PORT ST LUCIE,FL,,,,
2415 N. CEDAR STREET,HOLT,MI,260650054011007,26,065,005401
CAHUENGA BLVD AND YUCCA ST,LOS ANGELES,CA,060371902011002,06,037,190201
SR 37 BETWEEN BURRER DR. ,SUNBURY,OH,,,,
10047 OLD IN RT 37,TELL CITY,IN,181239523001008,18,123,952300
NORTH OF AR RIVER @ I-430,NORTH LITTLE ROCK,AR,,,,
6000 WALLISVILLE RD,HOUSTON,TX,482012116001002,48,201,211600
6801 S 52ND,LINCOLN,NE,311090037094002,31,109,003709
7538 NORTHEAST 114TH AVENUE,Not Within a Municipality,IA,,,,
2097 GENERAL BOOTH BLVD,VIRGINIA BEACH,VA,518100454082022,51,810,045408
S. DORT HIGHWAY ,FLINT,MI,,,,
102 S. MANNSTON STREET,GETTYSBURG,SD,461070001001055,46,107,000100
INTERSECTION OF SOUTH MAIN STREET AND 8TH STREET,WHITE DEER,TX,,,,
KINGS HIGHWAY AND EAST 98TH STREET,BROOKLYN,NY,360470892003000,36,047,089200
645 KAPAHULU AVE,HONOLULU,HI,150030015011012,15,003,001501
1195 LONG POINT DRIVE,LAKE TOWNSHIP,MI,,,,
1716 STUTZ DR.,TROY,MI,261251977021000,26,125,197702
3901 HIXSON PIKE,CHATTANOOGA,TN,470650105015000,47,065,010501
14360 SE EASTGATE WAY,BELLEVUE,WA,530330234012020,53,033,023401
2421 OREGON STREET,UNION CITY,CA,060014403081005,06,001,440308
8239 DON AVENUE,STOCKTON,CA,060770032161005,06,077,003216
615 2ND STREET,BAY CITY,TX,483217304003015,48,321,730400
PLEASANT VALLEY STREET ,PLEASANT VALLEY,MO,,,,
VAR. LOC'S IN NORTHERN QUEENS,QUEENS,NY,,,,
1215 AND 1217 REBECCA AVE,NORTH BRADDOCK,PA,420035130001031,42,003,513000
GREEN RIVER RD ,CORONA,CA,,,,
8070 FAIR OAKS COURT,JONESBORO,GA,130630406141003,13,063,040614
7901 PICKFAIR DR,BLOOMINGTON,MN,270530259053009,27,053,025905
66 THE DOWNS,TUSCALOOSA,AL,011250119014001,01,125,011901
3740 156TH ST WEST,ROSEMOUNT,MN,270370610072001,27,037,061007
800 N. PENNSYLVANIA AVENUE,LANSING,MI,260650008003012,26,065,000800
E. TRUMAN RD. AND WABASH,KANSAS CITY,MO,290950161002056,29,095,016100
715 MONTANA AVE,SANTA MONICA,CA,060377013044015,06,037,701304
869 39TH ST,SAN DIEGO,CA,060730034032012,06,073,003403
3400 11TH STREET,BREMERTON,WA,530350811001008,53,035,081100
2000 BLOCK OF WHITE OAK LANE,SANTA CLARA,CA,060855085072001,06,085,508507
111 N. BROADWAY AVENUE,PENNSVILLE,NJ,340330215001052,34,033,021500
15158 FM 916,MAYPEARL,TX,481390609001046,48,139,060900
10218 DODGE ROAD,MONTROSE,MI,260490126031008,26,049,012603
11852 MILL VALLEY ST,PARKER,CO,080350139112025,08,035,013911
113 ARABIAN ROAD,WAXAHACHIE,TX,481390613001063,48,139,061300
12218 SLEEPY-HORSE LANE,COLUMBIA,MD,240276056011001,24,027,605601
13 COURRANT STREET,CARTERSVILLE,GA,130159607014005,13,015,960701
56 COURT STREET,LANCASTER,NY,360290144003015,36,029,014400
5205 S. 193RD E. AVE,BROKEN ARROW,OK,401450305061006,40,145,030506
718 BRATTONTOWN CIRCLE,LAFAYETTE,TN,471119702004042,47,111,970200
2045 SHELBY-GANGES RD.,SHELBY,OH,391390027005009,39,139,002700
2700 21ST STREET,SACRAMENTO,CA,060670023002000,06,067,002300
WEST 22 ST AND NEPTUNE AVE,BROOKLYN,NY,360470610045000,36,047,061004
127 E. GROVE STREET,STOCKTON,CA,060770014003011,06,077,001400
3404 GEORGIA ST,LOUISIANA,MO,291634601004027,29,163,460100
2038 WHEELING,KANSAS CITY,MO,290950021001008,29,095,002100
INTERSECTION RHODE ISLAND RD AND HASKEL CIRCLE,LAKEVILLE,MA,,,,
5730 MANGO DRIVE,MEHLVILLE,MO,,,,
28800 NORTHLINE ROAD,ROMULUS,MI,261635862011018,26,163,586201
207 EMERALD ST. 03431,KEENE,NH,330059714032004,33,005,971403
42-22 ORCHARD STREET,NEW YORK,NY,360610016004001,36,061,001600
INTERSECTION OF EAST 188 STREET AND PARK AVENUE,NEW YORK,NY,,,,
THATCHER,THATCHER,AZ,,,,
12505 WHISPERING HOLLOW DRIVE,OKLAHOMA CITY,OK,401091085281014,40,109,108528
422 SOUTH 11TH STREET,OMAHA,NE,310550018002015,31,055,001800
12755 ALLISONVILLE ROAD,FISHERS,IN,180571108191011,18,057,110819
2520 YORK ROAD,JAMISON,PA,420171049012016,42,017,104901
4489 W. JEFFERSON,ECORSE,MI,,,,
51 S. THOMPSON RD,BLACKFOOT,ID,160119504001048,16,011,950400
61 MARR AVE,OAKLAND,CA,060014045011002,06,001,404501
21 OLD COUNTRY ROAD,WATER MILL,NY,361031907122014,36,103,190712
5040 MAIN STREET,MAYSLICK,KY,211619605001060,21,161,960500
1213 LILAC LANE,KENAI,AK,021220006001020,02,122,000600
134 BUCKLEY PL,HENRIETTA,NY,360550132081005,36,055,013208
40 WORTH STREET,NEW YORK,NY,360610031002000,36,061,003100
14100 FRANKLIN ST,WOODBRIDGE,VA,511539005041000,51,153,900504
4119 HWY 8 ,ARKADELPHIA,AR,,,,
467 CHERRY DR,STEAMBOAT SPRINGS,CO,081070006002005,08,107,000600
40 CLINTON STREET,BROOKLYN,NY,360470005021000,36,047,000502
371 INDUSTRIAL PARK DRIVE,BELLEVILLE,MI,261635870003001,26,163,587000
4946 TILBURY,HOUSTON,TX,482014317012002,48,201,431701
1010 SAINT CHARLES ST,SAINT LOUIS,MO,295101256003009,29,510,125600
44275 DIVISION ST,LANCASTER,CA,060379005012002,06,037,900501
1400 WALNUT AVE,ROSENBERG,TX,481576753003031,48,157,675300
371 GLENCOE CHURCH LOOP,SUMMERFIELD,NC,371570410022044,37,157,041002
372 LEXINGTON WAY,LITTLESTOWN,PA,420010313003023,42,001,031300
2729 HARRISON AVE,EVERETT,WA,530610405001003,53,061,040500
1511 W 13TH AVE.,CORSICANA,TX,483499709021034,48,349,970902
BELLE HOLLOW,BELLE,WV,,,,
RHEEM BLVD ,MORAGA,CA,,,,
46 WOODSTOCK DRIVE,FAIRFIELD,OH,390170109122000,39,017,010912
321 N. HOOK ROAD,PENNSVILLE,NJ,340330214002013,34,033,021400
MT. GILLIAD ,KELLER,TX,,,,
I-430 N OF ARKANSAS RIVER,NORTH LITTLE ROCK,AR,,,,
CHOSIN FEW WAY,BAYONNE,NJ,,,,
16400 GOLF CLUB DRIVE,CROSBY,TX,482012519042001,48,201,251904
8411 GREENWOOD AVE N,SEATTLE,WA,530330029001000,53,033,002900
900 SW HOLDEN ST,SEATTLE,WA,530330108001017,53,033,010800
HARRISION BLVD AND DOUGLAS ST,OGDEN,UT,490572001003002,49,057,200100
324 AVENUE A,FOREST HILLS,PA,,,,
1120 MCCONNELL DRIVE,DECATUR,GA,130890215062002,13,089,021506
173 S ARDMORE AVE,LOS ANGELES,CA,060372114201004,06,037,211420
342 EAST MAIN ST.,ASHLAND,OH,390059705001007,39,005,970500
430 N WEST STREET,CARLINVILLE,IL,171179564001001,17,117,956400
7191 BETH-BATH PIKE,BATH,PA,420950165001016,42,095,016500
9955 LINDA LANE,DES PLAINES,IL,170318061041003,17,031,806104
8915 GERBER ROAD,SACRAMENTO,CA,060670092011032,06,067,009201
JOSEPH E LOWERY BLVD,ATLANTA,GA,,,,
SHELL ROAD ,GEORGETOWN,TX,,,,
13400 DENVER DRIVE,HARTLAND,MI,260937135001001,26,093,713500
NORTHEAST CORNER OF E 4TH ST AND N ALMONT AVE,IMLAY CITY,MI,,,,
4649 FARMDALE AVE,LOS ANGELES,CA,,,,
3900 GREENFIELD,MELVINDALE,MI,,,,
6800 GRATIOT,DETROIT,MI,261635193001002,26,163,519300
101 W. MARGARET,DETROIT,MI,261635090003003,26,163,509000
2510 ALUM ROCK AVENUE,SAN JOSE,CA,060855040021003,06,085,504002
333 JOHNSON RD,LOS BANOS,CA,060470022033011,06,047,002203
7550 COMMERCE CIRCLE,TRUSSVILLE,AL,,,,
918 W. 5TH STREET,NEWTON,KS,200790303002004,20,079,030300
1660 S TAMIAMI TRAIL,OSPREY,FL,121150021021003,12,115,002102
"ON ACACIA TREE DR., 150-FEET WEST OF ANASAZI DRIVE",LAS VEGAS,NV,,,,
2410 PRAIRIETON AVENUE,TERRE HAUTE,IN,181670019002009,18,167,001900
2437 FAIRFIELD AVE.,SHREVEPORT,LA,220170210001073,22,017,021000
5858 SHOUP AVE,WOODLAND HILLS,CA,060371372023002,06,037,137202
107 LOW STREET,NEWBURYPORT,MA,250092682004001,25,009,268200
6772 BURBAGE LAKE CR,SUFFOLK,VA,518000751061001,51,800,075106
271 HARMONY RD,MIDDLETOWN,NJ,340258007012024,34,025,800701
7900 WYOMING BLVD. NE,ALBUQUERQUE,NM,350010037122002,35,001,003712
300 BLK W. CLARENCE STREET/ US HWY 54,HOOKER,OK,,,,
1041 W CAMBRIDGE AVE,VISALIA,CA,061070018002018,06,107,001800
950 CHAMPION LANE,DEER PARK,CA,060552017005000,06,055,201700
8701 ARLISS ST,SILVER SPRING,MD,240317023012000,24,031,702301
10753 SANTA ROSA RD,CAMARILLO,CA,061110053053029,06,111,005305
SIGNAL HILL RD,MANASSAS,VA,,,,
3401 HARRY S TRUMAN BLVD,SAINT CHARLES,MO,291833108011006,29,183,310801
12425 OLD GENTILLY ROAD,NEW ORLEANS,LA,,,,
3316 CARLISLE PIKE,NEW OXFORD,PA,420010308032037,42,001,030803
1703 BACON ST,SAN DIEGO,CA,060730073042001,06,073,007304
11466 STATE HWY 618,CONNEAUT LAKE,PA,,,,
APPROXIMATE INTERSECTION OF ROAD 30 AND ROAD I,Not Within a Municipality,KS,,,,
CAREY RD AND STATE ROUTE 9,SALEM,OH,,,,
7147 GERMANO RD. SE,CARROLTON,OH,390197206003023,39,019,720600
98 FIR DRIVE,WINTER PARK,CO,080490002042046,08,049,000204
2113 FRIENDSHIP ROAD,BUFORD,GA,,,,
500 BLOCK OF EAST VETERANS MEMORIAL DRIVE,KAPLAN,LA,,,,
2711 W 35TH AVE,GARY,IN,180890412001007,18,089,041200
9TH STREET AND MAGNOLIA,SALINA,KS,,,,
IMPERIAL PARKWAY ,BONITA SPRINGS,FL,,,,
840 FULTON STREET,BROOKLYN,NY,360470199003002,36,047,019900
300 WEST 234 STREET,NEW YORK,NY,360610037001002,36,061,003700
ON CHEYENNE AVE (NV-574) NEAR REVERE ST,NORTH LAS VEGAS,NV,,,,
6TH STREET AND AVENUE K ALLEYWAY,SUNRAY,TX,,,,
PATTERSON ST ,WHITE SULPHUR SPRINGS,WV,,,,
ELKVIEW CROSSINGS MALL RD,ELKVIEW,WV,,,,
207 W ROCKRIMMON BLVD,COLORADO SPRINGS,CO,080410037062001,08,041,003706
91 STRAWFLOWER CT,ROMEOVILLE,IL,171978805101001,17,197,880510
2730 COLUMBUS AVE,SPRINGFIELD,OH,390230016003029,39,023,001600
605 WEST 141 STREET,NEW YORK,NY,360610225001005,36,061,022500
500 NW 23RD AVE,PORTLAND,OR,410510047003003,41,051,004700
639 DAVIS RD,CHATHAM,VA,511430105001035,51,143,010500
SQUIRE RD AND ROUTE 1 NORTH SIDE,REVERE,MA,250251706011001,25,025,170601
2124 CHESHIRE BRIDGE ROAD,ATLANTA,GA,131210092031000,13,121,009203
201 E ZURICH DR.,PAYSON,AZ,040070004001004,04,007,000400
1147 ECKERTON DR,NOLENSVILLE,TN,471870501022019,47,187,050102
FOSTER AVE BETWEEN NEW YORK AVE AND NOSTRAND AVE,BROOKLYN,NY,,,,
1154 PARK AVENUE,SAN JOSE,CA,060855019011008,06,085,501901
50 N. 1ST AVENUE,CANTON,IL,170579534002011,17,057,953400
1401 WEST 5TH STREET,SHERIDAN,WY,560330004003036,56,033,000400
"4056  N CAN-ADA RD, NAMPA",Not Within a Municipality,ID,,,,
4095 N GOLDEN STAVE BLVD,FRESNO,CA,,,,
251 E FLORIDA AVE,MELBOURNE,FL,120090651241012,12,009,065124
915 S. 49TH STREET,PHILADELPHIA,PA,421010078004004,42,101,007800
N.W.CORNER W. KELLI AVE. AND HWY 62,FARMINGTON,AR,,,,
14145 PARKER ROAD,HOMER GLEN,IL,171978810051019,17,197,881005
INTERSECTION OF 43RD AVENUE AND 104TH STREET,CORONA,NY,360810403012001,36,081,040301
E CANYON RIM RD ,ANAHEIM,CA,,,,
114 GEYSER ST.,WEST YELLOWSTONE,MT,300310015002023,30,031,001500
219 DUNKARD AVE,WESTOVER,WV,540610112003018,54,061,011200
201 US 41,L' ANSE,MI,,,,
"7525 EL PASO RD, CALDWELL",Not Within a Municipality,ID,,,,
2845 W. BROAD ST.,COLUMBUS,OH,390490046203001,39,049,004620
126 W 53 STREET,NEW YORK,NY,360610131002001,36,061,013100
300 N 300 E,JEROME,ID,160539702002086,16,053,970200
1317 SOUTH HILLS DRIVE,WENATCHEE,WA,530079613011026,53,007,961301
2209 S GEORGE WASHINGTON BLVD,YUBA CITY,CA,061010505042005,06,101,050504
1104 MEDA AVE.,GLENDORA,CA,060374004041012,06,037,400404
726 EAST 900 NORTH STREET,MAYS,IN,,,,
1974 E MILWAUKEE AVENUE,DETROIT,MI,261639851001043,26,163,985100
1748 S MOUNTAIN AVE,ONTARIO,CA,060710017022010,06,071,001702
445 HWY 36 N,ROSENBERG,TX,481576754021026,48,157,675402
EAST BIDWELL ST AND OAK AVE PARKWAY,FOLSOM,CA,,,,
APPX. 250 FEET SOUTH OF THE INTERSECTION OF HWY 140 AND HALL STATION ROAD,ADAIRSVILLE,GA,,,,
3444 WISCONSIN AVE,VICKSBURG,MS,281499506005010,28,149,950600
23070 YAMHILL RIVER RD,WILLAMINA,OR,410530204002002,41,053,020400
11074 E CONEJO AVE,KINGSBURG,CA,060190073004024,06,019,007300
2117 SOUTH LOCUST,GRAND ISLAND,NE,310790011003024,31,079,001100
7117 ROOSEVELT AVENUE,JACKSON HEIGHTS,NY,,,,
1583 VICTORY BOULEVARD,STATEN ISLAND,NY,360850147002013,36,085,014700
97 SUMAC CT,PAGOSA SPRINGS,CO,080079742011029,08,007,974201
159 THORNBURY ROAD,NEW ROCHELLE,NY,,,,
2121 MAIN ST.,DALLAS,TX,481130031031010,48,113,003103
10611 CHEVROLET WAY,ESTERO,FL,,,,
111 CONVAIR DR,CORAOPOLIS,PA,420034511052004,42,003,451105
200 BLOCK OF PECAN ST.,FORT WORTH,TX,484391233022022,48,439,123302
1659 W WHITE MOUNTAIN BLVD,LAKESIDE,AZ,040179613004006,04,017,961300
30 ALLENS AVENUE,PROVIDENCE,RI,440070006001026,44,007,000600
172 WYTHE AVE,NEW YORK,NY,,,,
110 TOLL GATE ROAD,WARWICK,RI,440030222011004,44,003,022201
126 N. OHIO STREET,SIDNEY,OH,391499720003005,39,149,972000
NEAR GEAR RAOD EAST OF ROUTE 99,BURLINGTON,WA,,,,
2760 UNION ROAD,SAINT LOUIS,MO,291892206024008,29,189,220602
75TH AVENUE ,PHOENIX,AZ,,,,
CR10 WEST OF CR3 HALF MILE,Not Within a Municipality,CO,,,,
4313 WOODRUFF RD.,COLUMBUS,GA,132150008002000,13,215,000800
6205 ARCHIBALD AVE,RANCHO CUCAMONGA,CA,060710020181015,06,071,002018
1112 W. WASHINGTON STREET,ALEXANDRIA,IN,180950106002038,18,095,010600
6952 WEIMAN CT,COMMERCE CITY,CO,080010087053008,08,001,008705
10044 S CENTRAL PARK AVE,CHICAGO,IL,170317402001000,17,031,740200
67TH AVENUE ,GLENDALE,AZ,,,,
6512 E 155TH ST,GRANDVIEW,MO,290950134104006,29,095,013410
9130 15TH PL. S. UNIT A,SEATTLE,WA,530330264001005,53,033,026400
HIGHWAY 24 AND HIGHWAY 300,LEADVILLE,CO,,,,
311 COUNTY ROAD 11,BELLEFONTAINE,OH,390910044003066,39,091,004400
67TH AVENUE AND CAMELBACK ROAD,GLENDALE,AZ,,,,
4955 MARMOL DR,WOODLAND HILLS,CA,060371375022015,06,037,137502
139 LINCOLN AVENUE,FAIR LAWN BOROUGH,NJ,340030172006007,34,003,017200
206 SPRINGDALE LANE,MILLERSVILLE,PA,420710136021017,42,071,013602
201 ESSEX STREET,CONCORD,CA,060133150001048,06,013,315000
878 VIA PANORAMA,BANNING,CA,060650441041026,06,065,044104
4505 W 91ST STREET,PRARIE VILLAGE,KS,200910518011006,20,091,051801
INTERSECTION BAKER STREET AND WATER STREET,WARREN,RI,,,,
FIG TREE LN ,REDDING,CA,,,,
216 W TADDEI RD,ACAMPO,CA,060770046002013,06,077,004600
7509 GLEN TERRA DR,LANSING,MI,260450203031006,26,045,020303
447 LOVE BRIDGE ROAD SE,CALHOUN,GA,131299708011005,13,129,970801
4149 CASE RD.,AVON,OH,390930132013015,39,093,013201
INTERSECTION OF POTTER RD. ,DAVISON,MI,,,,
560 NE 36TH ST.,BOCA RATON,FL,120990073022008,12,099,007302
COUNTY RD 20 ,ORLAND,CA,,,,
22320  CHIPOTLE PASS,SPICEWOOD,TX,484530365002060,48,453,036500
2945 SANTA ANA DR.,RENO,NV,320310021061004,32,031,002106
"SW/4 SEC 11, T13N, R16E",Not Within a Municipality,OK,,,,
4550 SE 29TH STREET,TOPEKA,KS,201770039012047,20,177,003901
NECHES RIVER PIPELINE CROSIIING,VIDOR,TX,,,,
6221 BRYNHURST AVE,LOS ANGELES,CA,060372349022000,06,037,234902
SONOMA BLVD AND MARITIME ACADEMY DRIVE,VALLEJO,CA,060952508011011,06,095,250801
1847 E. LEVEE ST. AND TURTLE CREEK,DALLAS,TX,481130100032196,48,113,010003
1789 JONESTOWN ROAD,WINSTON-SALEM,NC,370670038061002,37,067,003806
WIGWAM PARKWAY ,HENDERSON,NV,,,,
20058 MONICA STRRET,DETROIT,MI,261635390002021,26,163,539000
13698 S. AIRPORT RD,LANSING,MI,260370103002026,26,037,010300
174 OAKLAND HEIGHTS,FOREST CITY,NC,371619609004014,37,161,960900
601 S. RIVERFRONT BLVD,DALLAS,TX,,,,
30W020 ESTES ST.,WARRENVILLE,IL,,,,
MATT HIGHWAY @ POOLES MILL ROAD,BALL GROUND,GA,,,,
6580 S 3000 E,COTTONWOOD HEIGHTS,UT,490351110023003,49,035,111002
8053 RODNEY STREET,PHILADELPHIA,PA,421010261001018,42,101,026100
HIGHWAY 42 @ BISCAYNE BLVD.,REX,GA,130630404201020,13,063,040420
14822 DELFBUSH STREET,MORENO VALLEY,CA,060650425092008,06,065,042509
1001 CREST DRIVE,TOPEKA,KS,201770024012014,20,177,002401
KASSON RD AND DURHAM FERRY RD,TRACY,CA,060770055031011,06,077,005503
7433 LYNCH ROAD,OTTAWA LAKE,MI,261158330002061,26,115,833000
INTERSECTION OF PINECREST AND MISTLETOE DR.,COVINGTON,LA,,,,
47071 BAYSIDE PARKWAY,FREMONT,CA,060014415032049,06,001,441503
3100 W. RIVER PARKWAY,MINNEAPOLIS,MN,270531076001002,27,053,107600
2315 UNIVERSITY AVE,NEW YORK,NY,,,,
10871 WALNUT GROVE BEND,CAMBY,IN,180632106081043,18,063,210608
8537 ,KENWOOD,CA,,,,
3976 MISSION STREET,SAN FRANCISCO,CA,060750254031004,06,075,025403
1323 LENORE AVE.,COLUMBUS,OH,390490003202006,39,049,000320
BURNETT FERRY ROAD @ RADIO SPRINGS ROAD SW,ROME,GA,131150014001048,13,115,001400
47-55 37 STREET,NEW YORK,NY,360610082001002,36,061,008200
2405 OLD GLENN HIGHWAY,PALMER,AK,021700013002012,02,170,001300
1814 MORRO ST,SAN LUIS OBISPO,CA,060790111041023,06,079,011104
8615 E APACHE TRAIL C-63,MESA,AZ,040134226273004,04,013,422627
14852 LINCOLN ST. WEST,NORTH LAWRENECE,OH,,,,
641 SUDDERTH DRIVE,RUIDOSO,NM,350279608002028,35,027,960800
41 SPRING ST,WILKES-BARRE,PA,420792014003015,42,079,201400
1001 BENCH MARK ROAD,MCDONOUGH,GA,131510702142003,13,151,070214
CONSUMERS ENERGY REGULATOR STATION 66079,FLINT,MI,,,,
340 HYDE PARK AVENUE,BOSTON,MA,250251103012008,25,025,110301
41140 NONA COURT,HEMET,CA,060650433142007,06,065,043314
INTERSECTION OF COLGATE LANE AND O'CONNOR RD.,IRVING,TX,,,,
266 ROMA DRIVE,CROSSVILLE,TN,470359705021029,47,035,970502
765 ASHLEY ROAD,MONTECITO,CA,060830007003000,06,083,000700
334-336 PARK STREET,LAWRENCE,MA,250092504003004,25,009,250400
150 NW COLBERN ROAD,LEE'S SUMMIT,MO,290950143002018,29,095,014300
360 CARTY AVENUE,FORT MONMOUTH,NJ,,,,
413 GRANDVIEW DRIVE,ANDERSON,IN,180950113002000,18,095,011300
HAWK SPRINGS AND MESA PARK DR,LAS VEGAS,NV,,,,
INTERSECTION OF NE 24TH AND FOLSOM,AMARILLO,TX,,,,
151 BAY 49TH STREET,BROOKLYN,NY,360470018031003,36,047,001803
1700 BROAD STREET,UTICA,NY,360650208025002,36,065,020802
4643 CLELAND AVENUE,LOS ANGELES,CA,060371862031009,06,037,186203
1505 BASIN STREET,NEW ORLEANS,LA,220710039002020,22,071,003900
INTERSECTION OF COLLINS AND ROGERS,ARLINGTON,TX,,,,
507 N 2ND ST,ABERDEEN,SD,460139513004028,46,013,951300
200 FOX HOLLOW DRIVE,MAYFIELD HEIGHTS,OH,390351722022004,39,035,172202
381-383 WEST MAIN STREET,LITTLE FALLS,NY,360430107012025,36,043,010701
3534 ESPANOLA DR.,DALLAS,TX,481130098023014,48,113,009802
613 FLEMING FALLS RD.,MANSFIELD,OH,391390018002019,39,139,001800
21  THAMSEN DRIVE,STONY POINT,NY,360870102001006,36,087,010200
3400 OLD ALABAMA ROAD,JOHNS CREEK,GA,,,,
747 TIMMONS BLVD,RAPID CITY,SD,461030109084000,46,103,010908
2101 BEL AIR AVE,SAN JOSE,CA,060855005005002,06,085,500500
101 TOSCHES CREEK CIRCLE,UNION,SC,450870301001022,45,087,030100
624 EUREKA AVENUE,RENO,NV,320310001051011,32,031,000105
56 SOUTH MCDONNELL RD,SOUTH SAN FRANCISCO,CA,060819843001004,06,081,984300
13505 US HWY 90,BOUTTE,LA,220890628004020,22,089,062800
32ND ST AND 113TH WEST AVENUE,SAND SPRINGS,OK,,,,
101 PANORAMIC WAY,BERKELEY,CA,060014227001006,06,001,422700
433 MYRTLE DR.,HURST,TX,484391134083001,48,439,113408
12445 HIGHWAY 50,SALIDA,CO,,,,
INTERSECTION OF TOPANGA CYN BLVD ,CHATSWORTH,CA,,,,
INTERSECTION OF DITTO AVE. AND DUGAN ST.,ARLINGTON,TX,,,,
2312 EASTWAY ROAD,DECATUR,GA,130890223033010,13,089,022303
INTERSECTION OF HURSTBOURNE LANE AND TAYLORSVILLE ROAD,LOUISVILLE,KY,,,,
900 N. O'NEAL ST.,CALDWELL,TX,480519703002049,48,051,970300
13210 HOLLOWAY ROAD,LOST HILLS,CA,060290045002098,06,029,004500
58 BOBOLINK STREET,ROCHESTER HILLS,MI,261251945001012,26,125,194500
501 N. BROADWAY,CLEVELAND,OK,401179571002022,40,117,957100
648 COUNTY STREET,TAUNTON,MA,250056141014002,25,005,614101
46359 HULING STREET,SHELBY TOWNSHIP,MI,260992256002008,26,099,225600
99 MESEROLE AVENUE,BROOKLYN,NY,360470561003001,36,047,056100
2300 S. RUTH ST,WASILLA,AK,021700006011059,02,170,000601
2211 RUBY DRIVE,AUGUSTA,GA,132450105081002,13,245,010508
44600 FIVE MILE ROAD,NORTHVILLE,MI,261635613023005,26,163,561302
1500 RIVERSIDE AVE,BALTIMORE,MD,245102404001002,24,510,240400
3735 W. 56TH ST.,TULSA,OK,401430067012049,40,143,006701
WALTON BOULEVARD ,ROCHESTER HILLS,MI,,,,
408 SOUTH 2ND STREET,BROOKLYN,NY,360470527001000,36,047,052700
INTERSECTION OF MAIN AND BRISTOL,SUN PRAIRIE,WI,,,,
1106 PASEO BOULVARD,KANSAS CITY,MO,290950154012021,29,095,015401
INTERSECTION OF LOS ALAMITOS HEIGHTS RD ,GRANTS,NM,,,,
365 W. NORTHWEST HWY ,IRVING,TX,481130141443030,48,113,014144
8000 FOOTHILLS BLVD,ROSEVILLE,CA,,,,
4245 WAYSHARA AVE.,REDDING,CA,060890106023007,06,089,010602
UNKNOWN,JELLICO,TN,,,,
W.150TH ,CLEVELAND,OH,,,,
4695 W JEFFERSON,TRENTON,MI,261639823013003,26,163,982301
13004 S 29TH STREET,BELLEVUE,NE,311530102061011,31,153,010206
304 TOMBS RUN ROAD,JERSEY SHORE,PA,420810103001072,42,081,010300
4601 WILLOWDALE LANE,GREAT FALLS,MT,300130023011055,30,013,002301
23 E. DAME AVENUE,HOMERVILLE,GA,130659701002125,13,065,970100
2037 N MILWAUKEE AVE,CHICAGO,IL,170312215001015,17,031,221500
671 12TH AVE,COLUMBUS,NE,311419655005020,31,141,965500
REDHAWK PARKWAY AND EL CHIMISAL ROAD,TEMECULA,CA,,,,
100 POTOMAC PLACE,WINCHESTER,VA,510690510023000,51,069,051002
221 N. 16TH AVE.,YAKIMA,WA,530770006003009,53,077,000600
99 CONVENTION CENTER DRIVE,LAS VEGAS,NV,320030023021008,32,003,002302
85 ANDOVER ST,LAWRENCE,MA,250092517002005,25,009,251700
117 N OREGON ST,YREKA,CA,060930007031006,06,093,000703
314 CONTINENTAL DRIVE,GREENVILLE,SC,450450028041007,45,045,002804
BUCKSKIN AVENUE AND SHADY TIMBER STREET,LAS VEGAS,NV,,,,
TIMBERIDGE DRIVE AND CLIFTON ROAD,BETHEL PARK,PA,420034753044007,42,003,475304
142ND AND GIBBS RD.,Not Within a Municipality,KS,,,,
202 ,ELKHORN,NE,,,,
2075 RIPLEY STREET,LAKE STATION,IN,180890418001020,18,089,041800
LASALLE STREET EXIT OFF I-77,CHARLOTTE,NC,,,,
130 SAGINAW STREET,BEAVERTON,MI,260510008002042,26,051,000800
2301 BENDRIDGE TRAIL,AUSTIN,TX,484530024412009,48,453,002441
303 VIRGINIA STREET.,COLQUITT,GA,132019503002002,13,201,950300
11500 BALD HILL RD SE,YELM,WA,530670125322006,53,067,012532
4011 HARRISON STREET,BELLEVUE,NE,311530105022003,31,153,010502
6674 PENTZ RD.,PARADISE,CA,060070019002007,06,007,001900
527 2ND STREET,LAKEWOOD,NJ,340297154041014,34,029,715404
2315 PICKWICK STREET,SAVANNAH,TN,,,,
13962 E. LINVALE PLACE,AURORA,CO,080050815003001,08,005,081500
1618 S ALSTON AVENUE,DURHAM,NC,370630020091012,37,063,002009
2287 SOUTH IRISH ROAD,DAVISON,MI,260490116122005,26,049,011612
25900 NORTHWESTERN HIGHWAY,SOUTHFIELD,MI,261251616002002,26,125,161600
1452 EAST WOODBURY ROAD,PASADENA,CA,060374613004027,06,037,461300
104 SOMERSET DR,NOVATO,CA,060411022022000,06,041,102202
5250 FRYE RD.,IRVING,TX,,,,
743 TRUMBULL AVE.,LAWRENCE TWP.,NJ,340210031002006,34,021,003100
493 LEMAR AVENUE,OXNARD,CA,061110050062000,06,111,005006
2465 BROADWAY,NEW YORK,NY,360610179005000,36,061,017900
BELLE ISLE DOUGLAS MACARTHUR BRIDGE,DETROIT,MI,,,,
39TH STREET AND MAGNOLIA AVENUE,SAINT LOUIS,MO,295101172004008,29,510,117200
I-20 AND LUMLEY RD.,MESQUITE,TX,,,,
9646 SOUTH BEND,SAN ANTONIO,TX,480291817163002,48,029,181716
INTERSECTION OF FARRELL AND TEXAS AVE.,BUTTE,MT,,,,
4978 FYLER AVENUE,SAINT LOUIS,MO,295101142001001,29,510,114200
100 GENERAL MCINTOSH BLVD.,SAVANNAH,GA,130510118002065,13,051,011800
31010 N FISH LAKE RD,WAUCONDA,IL,,,,
3700 PROGRESSIVE ROAD,HEREFORD,TX,481179506003257,48,117,950600
3377 CRUMPTON S,LAUREL,MD,240037515001033,24,003,751500
9412 WHEELER CT.,PLYMOUTH,CA,060050003011027,06,005,000301
SWANNANOA RIVER RD ,ASHEVILLE,NC,,,,
25807 SE 157ND ST,ISSAQUAH,WA,,,,
NORTHERN BOULEVARD BET 112 PLACE AND 114 STREET,NEW YORK,NY,,,,
5220 12TH ST S,FARGO,ND,380170405051002,38,017,040505
19366 WALTZ,NEW BOSTON,MI,261639864001006,26,163,986400
CR 4235 ,RHINELAND,TX,,,,
13921 INDUSTRIAL PARKWAY,CLEVELAND,OH,,,,
INWOOD RD. AND HARRY HINES BLVD.,DALLAS,TX,481130004014003,48,113,000401
15319 DARROW RD.,VERMILION,OH,390430402002000,39,043,040200
1245 COLES BLVD.,PORTSMOUTH,OH,391450038003000,39,145,003800
406 IRWIN AVENUE,PONTIAC,MI,261251424003037,26,125,142400
PRUDENCE AND CALLE MADERO,TUCSON,AZ,,,,
300 SIMONTON ROAD,LAWRENCEVILLE,GA,131350505862002,13,135,050586
3300 GEARY BLVD.,SAN FRANCISCO,CA,060750154012001,06,075,015401
3918 18TH AVE NW,ROCHESTER,MN,271090017024006,27,109,001702
ABRAHAM WOODS JR DR ,BIRMINGHAM,AL,,,,
8 ST S AND 16 AVE S,MOORHEAD,MN,,,,
9740 BYPASS ROAD,ALTA,UT,490351101061009,49,035,110106
404 PINE,DUMAS,TX,483419503011021,48,341,950301
RIVER BEND ,GEORGETOWN,TX,,,,
801 CAPITAL CENTRE BLVD,LARGO,MD,,,,
3281 SOUTH UPPER TRUCKEE,SOUTH LAKE TAHOE,CA,060170305061009,06,017,030506
INTERSECTION OF KENT AVENUE AND BROADWAY,BROOKLYN,NY,,,,
401 W. VAN WEISS BOULEVARD,WEST BURLINGTON,IA,190570008004005,19,057,000800
2920 VANCE STREET EXTENSION,REIDSVILLE,NC,371570412001032,37,157,041200
PARKDALE AVENUE AND MILLER AVENUE,ROCHESTER,MI,261251912003001,26,125,191200
718 RIVER RD,GLENDIVE,MT,300210002002049,30,021,000200
44 BONAIRE DRIVE,BERKELEY TOWNSHIP,NJ,340297312061013,34,029,731206
2313 ROUTE 547,MANCHESTER,NJ,340297391002134,34,029,739100
2805 HOMESTEAD NORTH,PONCA CITY,OK,400710003004002,40,071,000300
OLD TRAIL AND PLANK RD,SHREWSBURY,PA,,,,
625 GILLETTE,SAN ANTONIO,TX,480291513021009,48,029,151302
201 W CHOCOLATE AVENUE,DERRY,PA,,,,
115 N DUKE STREET,DURHAM,NC,370630022001011,37,063,002200
22705 BALSA CIR,PRIOR LAKE,MN,271390811012008,27,139,081101
1175 E. FLAMINGO ROAD,LAS VEGAS,NV,320030026033003,32,003,002603
270 GEORGE WASHINGTON BLVD.,OSWEGO CITY,NY,360750216022013,36,075,021602
22555 TREETOP LANE,GOLDEN,CO,080590098451009,08,059,009845
3000 REGIS DR,FRONTENAC,MO,291892153024023,29,189,215302
16840 N 3000 E,MORONI,UT,,,,
490 CRAMERTOWN LOOP,MARTINSVILLE,IN,181095107042007,18,109,510704
15563 FELDSPAR DR.,CHINO HILLS,CA,060710001172003,06,071,000117
408 W. EXCHANGE ST,SPRING LAKE,MI,261390211002011,26,139,021100
20275 N OLD CENTRALIA LN,DIX,IL,170810501002042,17,081,050100
3369 ANTIGUA,AUBURN HILLS,MI,,,,
4306 COUNTY ROAD 22,FREDERICK,CO,081230020192035,08,123,002019
831 ARBOR STREET,CONCORD,NC,370250424012044,37,025,042401
CLINTON BLVD. AND FLAG CHAPEL RD.,JACKSON,MS,280490109011006,28,049,010901
INTERSECTION OF BAIN STREET AND UNION STREET,JURUPA VALLEY,CA,,,,
2122 S. 49TH W. AVE.,TULSA,OK,401430066001020,40,143,006600
5415 AVENUE M,SANTA FE,TX,481677235013015,48,167,723501
5101 E ROSEDALE STREET,FORT WORTH,TX,484391014034017,48,439,101403
1716 GUINOTTE AVE,KANSAS CITY,MO,290950155001138,29,095,015500
16641 S TAMIAMI TRL,FT MYERS,FL,,,,
BYERS ST ,BATESVILLE,AR,,,,
14218 PARK AVE,BURNSVILLE,MN,270370607542005,27,037,060754
2385 MITCHELL RD.,LAWRENCEVILLE,GA,131350506111010,13,135,050611
SEIDEL RD,WINTER GARDEN,FL,,,,
6015 WHITE DRIVE,PRIOR LAKE,MN,271390809064000,27,139,080906
OYKEY TRAIL ,HUDSON OAKS,TX,,,,
SCOTTSDALE RD ,SCOTTSDALE,AZ,,,,
INDIAN CREEK DRIVE AT ROUTE EE,LANAGAN,MO,,,,
479 BROADWAY,LAWRENCE,MA,250092518003006,25,009,251800
TELL ROAD SW AT PINELLA DRIVE SW,ATLANTA,GA,131210077103003,13,121,007710
INTERSECTION OF VOLUNTEER PARKWAY AND BROAD STREET,BRISTOL,TN,,,,
17555 HEIDELBERG WAY,LAKEVILLE,MN,270370608193004,27,037,060819
1661 N BROWN RD,INYOKERN,CA,060290055101052,06,029,005510
5204 N. ATKINSON,ROSWELL,NM,350050011022097,35,005,001102
14151 GREEN VIEW CT,EDEN PRAIRIE,MN,270530260064000,27,053,026006
23562 WOODEN HORSE TRAIL,MURRIETA,CA,060650432271002,06,065,043227
756 E PRIMA VISTA BLVD (NW CORNER OF E PRIMA VISTA BLVD ,PORT ST LUCIE,FL,121113820101005,12,111,382010
368 W 3000 N (W MILLCREEK CIRCLE),PLEASANT GROVE,UT,,,,
13115 SILVER SADDLE LANE,POWAY,CA,060730170061000,06,073,017006
ENTIRE CITY,ALICE,TX,,,,
100 PARK LANE,WASHINGTON,PA,421257527002012,42,125,752700
1355 TERRELL MILL ROAD,MARIETTA,GA,130670303532006,13,067,030353
1201 ST. CHARLES ST,ELGIN,IL,170898518012027,17,089,851801
1230 HUNTERS LAKE DRIVE,CUYAHOGA FALLS,OH,391535201062001,39,153,520106
3340 W. TIENKEN,ROCHESTER HILLS,MI,261251925002009,26,125,192500
4675 HACKETT ROAD,SAGINAW,MI,261450103061022,26,145,010306
60 HUBBARD AVE,BUTTERFIELD,MN,271659503001063,27,165,950300
3700 DEERFIELD ROAD APT. V12/13,MOUNT PLEASANT,MI,260730008001013,26,073,000800
1007 HALF MOON BAY DRIVE,CROTON-ON-HUDSON,NY,361190139004026,36,119,013900
30157 HWY 96,KINDERHOOK,IL,,,,
411 HAWKWOOD CT,HIXSON,TN,470650104114005,47,065,010411
2879 BARONG CT,RENO,NV,320310024121004,32,031,002412
8865 STANFORD BLVD,COLUMBIA,MD,240276067081007,24,027,606708
15933 CLAYTON ROAD,BALLWIN,MO,291892216263018,29,189,221626
10000 RESEARCH BLVD,AUSTIN,TX,,,,
MILL ROAD AND PENINSULA BLVD (INTERSECTION),HEWLETT,NY,,,,
911 HAMPTON RD.,LYNDEN,WA,530730102023072,53,073,010202
13401 SR 4,BELLEVUE,OH,,,,
HIGHLAND AVENUE,LEXINGTON,MO,,,,
MYERS CORNER ROAD ,WAPPINGERS FALLS,NY,,,,
47 INGALLS AVENUE,TROY,NY,360830404002002,36,083,040400
INTERSECTION OF HWY 39 AND W 1900 S,ABERDEEN,ID,,,,
STELTON RD. ,PISCATAWAY,NJ,,,,
900 EAST WICKENBURG WAY,WICKENBURG,AZ,040130405025013,04,013,040502
SALEM ST @ S BROADWAY,LAWRENCE,MA,250092515001012,25,009,251500
STRANDWAY AND YORK CT,SAN DIEGO,CA,,,,
HWY 247 SPUR @ SANDBED RD.,Not Within a Municipality,GA,,,,
64 ILLINOIS ST,ROCHESTER,NY,360550076003005,36,055,007600
STATE ROUTE 8,CORNPLANTER TOWNSHIP,PA,,,,
2709 WALTERS PORT LN,EXCELSIOR,MN,270530272032016,27,053,027203
10315 MIDVALE AVE N,SEATTLE,WA,530330013002009,53,033,001300
136 W. ST GEORGE AVE,GRANTSBURG,WI,550139709002046,55,013,970900
DUNCAN CHAPEL ROAD,GREENVILLE,SC,,,,
1003 FAYETTEVILLE STREET,DURHAM,NC,370630023001022,37,063,002300
2600 COLLINS AVE,MIAMI BEACH,FL,120860041052002,12,086,004105
JACKSON ST,NORTHAMPTON,MA,,,,
INTERSECTION OF CO HWY 49 ,BEAVERTON,AL,,,,
710 N STRATFORD ROAD,MOSES LAKE,WA,,,,
7 MAPLE AVE,BLOOMFIELD,NY,360690505012004,36,069,050501
2421 EAGLE DRIVE,AUGUSTA,GA,132450105062006,13,245,010506
107 KING GEORGE ROAD,PENNINGTON,NJ,340210039031001,34,021,003903
34368 RD 196,WOODLAKE,CA,061070007012013,06,107,000701
MINNIE ST ,PAYNESVILLE,MN,,,,
28000 SHAKER BLVD,PEPPER PIKE,OH,390351791012003,39,035,179101
604 WALNUT WAY,SEVIERVILLE,TN,471550805001028,47,155,080500
814 S 28TH STREET,BILLINGS,MT,301110003002012,30,111,000300
908 EAST FULTON ST.,MOUNT VERNON,WA,530579523031019,53,057,952303
506 GRAND AVE.,NORTH BERGEN,NJ,340170149001005,34,017,014900
2368 E LOCUST ST,DECATUR,IL,171150010001020,17,115,001000
ARKANSAS RIVER,LAVACA,AR,,,,
45581 ECORSE ROAD,VAN BUREN TOWNSHIP,MI,261635881021001,26,163,588102
20912 LE FEVER,WARREN,MI,260992637001016,26,099,263700
380 CLARK STREET,PONTOTOC,MS,281159503001021,28,115,950300
INTERSECTION OF PATRIOTS LANDING DRIVE AND PATRIOTS LANDING PLACE,NEW KENT,VA,,,,
1435 S. 8TH STREET,PHILADELPHIA,PA,421010028011009,42,101,002801
8070 CARNEAL RD,WEST PADUCAH,KY,211450315012108,21,145,031501
CORNER OF SR 57 ,RITTMAN,OH,,,,
1100 N. COUNCIL AVE.,BLANCHARD,OK,,,,
1204 W. 6TH ST ,IRVING,TX,481130152062000,48,113,015206
1194 UNIVERSITY DR,CORAL SPRINGS,FL,120110203201021,12,011,020320
OX RD. ,FAIRFAX STATION,VA,,,,
SR 436 AT LYNCHFIELD AVE,ALTAMONTE SPRINGS,FL,,,,
1210 HALF ST,Not Within a Municipality,DC,,,,
3152 KENNEDY BLVD,JERSEY CITY,NJ,,,,
1878 KENNY RD,COLUMBUS,OH,390490078302008,39,049,007830
2483 MEMORIAL DRIVE SE,ATLANTA,GA,130890208023009,13,089,020802
E. MAIN AND S. CROWLEY RD.,CROWLEY,TX,484391110152007,48,439,111015
14406 EVERGREEN,DETROIT,MI,261635437001002,26,163,543700
2920 ZOO DRIVE,SAN DIEGO,CA,060730056022009,06,073,005602
642 S ALVARADO STREET,LOS ANGELES,CA,060372089032002,06,037,208903
INTERSECTION OF HANLEY AND SR42,MANSFIELD,OH,,,,
100 E CLARENDON DR,DALLAS,TX,481130048001048,48,113,004800
BROADWAY ST. AND I-15 SOUTHBOUND ONRAMP,IDAHO FALLS,ID,,,,
"MINGO CREEK, 11TH AND MINGO",TULSA,OK,,,,
INTERSECTION OF WEST WILMINGTON STREET AND HIGHWAY 53,BURGAW,NC,,,,
LINKWOOD RD AT MARTIN LUTHER KING JR RD,ATLANTA,GA,,,,
601 N. VERMILLLION ST.,LEXINGTON,IL,171130057005010,17,113,005700
BAY RIDGE PARKWAY ,BROOKLYN,NY,,,,
"D STREET, 3126 FEET WEST OF 15TH STREET",BURNS HARBOR,IN,,,,
604 WEST GRAUWYLER LANE,IRVING,TX,481130145023000,48,113,014502
621 W FRANCIS ST,ASPEN,CO,080970004042084,08,097,000404
INTERSECTION NEAR   46515 HARRY BYRD HWY,POTOMAC FALLS,VA,,,,
9948 PRINCETON GLENDALE ROAD,WEST CHESTER,OH,390170111231048,39,017,011123
NE 25TH ST ,OCALA,FL,,,,
245 BRIAR RIDGE COURT,OZARK,MO,,,,
2707 US HWY 190,COPPERAS COVE,TX,,,,
111 W OAK AVE,TAMPA,FL,120570042001052,12,057,004200
1144 N STEMMONS FWY,LEWISVILLE,TX,481210216182001,48,121,021618
W 7800 S AND REDWOOD ROAD,WEST JORDAN,UT,,,,
COUNTY RD 220 AND COUNTY RD 43,Not Within a Municipality,TX,,,,
"PRAIRIE AVENUE, APPROXIMATELY 0.1 MILES NORTH OF E. INMAN PARKWAY",BELOIT,WI,,,,
1713 CRESTDALE DRIVE,CHARLOTTE,NC,371190048001000,37,119,004800
209TH W. AVE. AND W. ARCHER ST.,SAND SPRINGS,OK,401139400073084,40,113,940007
1014 W PIKE ST,GOSHEN,IN,180390005021038,18,039,000502
3051 E. MAYFIELD ,GRAND PRAIRIE,TX,484391115711000,48,439,111571
111 JEFFERSON STREET,ROBINSON,PA,420639615004038,42,063,961500
8424 SANTA MONICA BLVD,WEST HOLLYWOOD,CA,060377003002007,06,037,700300
13086 AVENUE 384,CUTLER,CA,061070006004048,06,107,000600
SW 19TH AND PENNSYLVANIA AVE.,OKLAHOMA CITY,OK,401091100003036,40,109,110000
VALLEY CREEK DRIVE AND TOWER DRIVE,WOODBURY,MN,271630710064002,27,163,071006
401 WEST MCNEESE ST,LAKE CHARLES,LA,220190013021003,22,019,001302
M-30 HIGHWAY AND CEDAR STREET,EDENVILLE TOWNSHIP,MI,,,,
102 ANGELA COURT,WOODSTOCK,GA,130570910013026,13,057,091001
9347 SR 45,BLOOMFIELD TOWNSHIP,OH,,,,
EDGEWOOD DR ,MAUMELLE,AR,,,,
1347 COURTLAND DRIVE,RALEIGH,NC,371830504001005,37,183,050400
OKATIE HWY (SC HWY 46) AT INTERSECTION OF NEW RIVER TRAIL,BLUFFTON,SC,,,,
4337 SILVER DOLLAR AVENUE,LAS VEGAS,NV,320030022041001,32,003,002204
120 MERRISON ST.,TEANECK,NJ,340030545002016,34,003,054500
210 S MERIDIAN,PUYALLUP,WA,530530734073024,53,053,073407
9501 SEA PINES WAY,FORT WAYNE,IN,180030117021007,18,003,011702
5111 DAFFODILL LANE,CONCORD,NC,370250405014000,37,025,040501
MO 169 HIGHWAY AND BARRY ROAD,KANSAS CITY,MO,,,,
800 SIBLEY MEMORIAL HIGHWAY,MENDOTA HEIGHTS,MN,270370606033001,27,037,060603
WESTERN AVENUE,MOON TOWNSHIP,PA,,,,
824 BELVOIR ROAD,PLYMOUTH MEETING,PA,420912106001012,42,091,210600
15TH AND NAISMITH,LAWRENCE,KS,,,,
4256 ORANGE AVENUE,SAN DIEGO,CA,060730022022000,06,073,002202
N TRYON STREET ,CHARLOTTE,NC,,,,
1100 S. ELLSWORTH AVE.,SALEM,OH,390299505005017,39,029,950500
2214 CAMBRIA ST,CAMBRIA,CA,,,,
324 IDAHO AVE,SANTA MONICA,CA,060377014022009,06,037,701402
1910 E 52ND STREET,SAVANNAH,GA,130510035021005,13,051,003502
230 DESERT BREEZE DRIVE,CALIFORNIA CITY,CA,060290055081067,06,029,005508
W PARKER RD AT RANCHERO RD,PLANO,TX,,,,
551 E 179 STREET,BRONX,NY,360050375042002,36,005,037504
257 E CLARK STREET,GRANTSVILLE,UT,490451307082022,49,045,130708
2249 3RD AVE,NEW BRIGHTON,PA,420076054002001,42,007,605400
7520 NC HWY 751,DURHAM,NC,370370207031015,37,037,020703
8580 W. GRAND RIVER AVENUE,BRIGHTON,MI,,,,
321 EAST MONTGOMERY STREET,GAFFNEY,SC,450219702011086,45,021,970201
101 BROOKSIDE DRIVE,ANNA,OH,391499715004005,39,149,971500
UNKNOWN,TALENT,OR,,,,
2200 W FLORIDA AVE,HEMET,CA,060650434051004,06,065,043405
3742 E. HIGHWAY 90,CRESTVIEW,FL,,,,
3401 O STREET,LINCOLN,NE,311090016001002,31,109,001600
3178 LAVON DRIVE,GARLAND,TX,,,,
928 NORTHTON,FORT WORTH,TX,484391237004004,48,439,123700
SW CORNER OF ZERO ST AND MASSARD RD,FORT SMITH,AR,,,,
400 BEACH AVENUE,DELL RAPIDS,SD,460990101021053,46,099,010102
462 OHIO AVE,WESTOVER,WV,540610112003035,54,061,011200
2500 E PLANO PKWY,PLANO,TX,480850319011021,48,085,031901
50 COTTONWOOD PASS ROAD,GYPSUM,CO,080370002004015,08,037,000200
459 LORAS BLVD,DUBUQUE,IA,190610007011000,19,061,000701
8258 SR 141,KITTS HILL,OH,390870505012014,39,087,050501
9201 MONTGOMERY ROAD,MONTGOMERY,OH,390610240021007,39,061,024002
NEAR INTERSECTION (STEWART RD AND MILE 8),MCALLEN,TX,,,,
675 GENTRY AVE,OAKDALE,MN,271630709105006,27,163,070910
ANCONA RD (N 300 E RD) AND E 2900 N RD,ANCONA,IL,,,,
69 YORK PLAZA,YORK,NE,,,,
901 LAFAYETTE ROAD,CRAWFORDSVILLE,IN,181079569002032,18,107,956900
618 HIGHWAY 293 SE,CARTERSVILLE,GA,,,,
5564 DAYTON BOULEVARD,CHATTANOOGA,TN,470650104351009,47,065,010435
LAFAYETTE DR AND BATTLE RIDGE DR,SOUTH FAYETTE TWP,PA,,,,
448 CHESTNUT ST,RIMERSBURG,PA,420311607022014,42,031,160702
3 SOUTH STREET,LAWRENCE,NY,360594113011012,36,059,411301
1202 BROWN AVE,ERIE,PA,420490011002010,42,049,001100
39TH AVENUE NORTH AND FAIRMONT ST,BIRMINGHAM,AL,,,,
6700 WESTCHESTER DRIVE,DALLAS,TX,481130195021025,48,113,019502
278 S. CLEVELAND MASSILLON ROAD,AKRON,OH,391535335012020,39,153,533501
301 N MARENGO AVE,ALHAMBRA,CA,060374808041008,06,037,480804
3764 CR15,SOUTH POINT,OH,390870511012000,39,087,051101
4703 WILKINSON BLVD,CHARLOTTE,NC,371190040004029,37,119,004000
8TH STREET CT. WEST @ 30TH AVENUE WEST,BRADENTON,FL,120810001053016,12,081,000105
3050 POLLOCK ROAD,GRAND BLANC,MI,260490111022004,26,049,011102
51 NOEL DR,GATES,NY,360550143024006,36,055,014302
4810 S 51ST STREET,OMAHA,NE,310550071012013,31,055,007101
10429 92ND AVENUE,ALLENDALE,MI,261390244022010,26,139,024402
8452 LOZIER AVENUE,WARREN,MI,260992632002000,26,099,263200
3040 S. OCEAN BLVD.,MANALAPAN,FL,,,,
2333 DUNWOODY CROSSING,DUNWOODY,GA,130890213064003,13,089,021306
1337 5TH,HEMPSTEAD,TX,484736805011108,48,473,680501
117 LOWER SWIFTWATER ROAD,SWIFTWATER,PA,420893004013005,42,089,300401
80 26TH ST,PITTSBURGH,PA,420030203001044,42,003,020300
ALAMEDA ST. ,LOS ANGELES,CA,,,,
REMOUNT RD AND NORTH RHETT AVE,NORTH CHARLESTON,SC,450190034004009,45,019,003400
820 S 15TH ST,TOLEDO,OH,390950106001031,39,095,010600
SOUTH PARK ST BRIDGE BET SPRING ST AND GRANGE AVENUE,ADAMS,NY,,,,
INTERSECTION OF TABBS LANE AND OLD COURTHOUSE WAY,CITY OF NEWPORT NEWS,VA,,,,
INTERSECTION OF WHEATON AVENUE AND K STREET,MILLVILLE,NJ,,,,
1241 PRINCETON DRIVE N.E.,ALBUQUERQUE,NM,350010003005020,35,001,000300
6709 LAKEVIEW DRIVE,CARMICHAEL,CA,060670079052007,06,067,007905
908 CUMBERLAND STREET,LEBANON,PA,420750005001057,42,075,000500
8530 HOOES ROAD,SPRINGFIELD,VA,510594325002001,51,059,432500
326 BURNETTE ROAD,FARMVILLE,NC,370799501023003,37,079,950102
1900 BLOCK OF HWY 161,JACKSONVILLE,AR,,,,
4651 COLUMBUS STREET,VIRGINIA BEACH,VA,518100410021010,51,810,041002
568 LOCUSTFIELD ROAD,FALMOUTH,MA,250010144021001,25,001,014402
GOSHEN-FIRTH RD (E 800 N) 4000' E OF SHELLEY GOSHEN RD (N 1100 E),GOSHEN,ID,,,,
4700 TOPANGA CANYON BLVD,WOODLAND HILLS,CA,060371380003016,06,037,138000
528 HIGH STREET,WILLIAMSTON,MI,260650058004010,26,065,005800
200 SUMMERWALK PARKWAY,TUCKER,GA,131350504642003,13,135,050464
6520 STATE ROAD 899,PIPPA PASSES,KY,,,,
7TH STREET ,PHOENIX,AZ,,,,
STATE RT. 34 N,WALL,NJ,,,,
18700 GLEANNLOCH LAKES BLVD,SPRING,TX,,,,
2965 LAUREL CANYON BLVD,STUDIO CITY,CA,060371439012004,06,037,143901
UNINCORPORATED COMMUNITY OF HINSDALE,HINSDALE,MT,,,,
14201 2ND AVENUE,HIGHLAND PARK,MI,261635598002002,26,163,559800
6500 DORR ST.,TOLEDO,OH,390950087013000,39,095,008701
INTERSECTION OF OLD GEORGETOWN ROAD ,NORTH BETHESDA,MD,,,,
KINDERKAMACK,HILLSDALE,NJ,,,,
7810 STEWART AND GRAY ROAD,DOWNEY,CA,060375515021001,06,037,551502
305 PARKSIDE DR.,SHOREWOOD,IL,171978832133020,17,197,883213
1101 STANFORD STREET,SAN MONICA,CA,060377016011005,06,037,701601
12618 MEADOWS EDGE LN,LITTLE ROCK,AR,051190042241030,05,119,004224
301 PITCHER STREET,KALAMAZOO,MI,260770009001012,26,077,000900
320 STATE HWY 319,TOLER,KY,,,,
5084 ROUTE 12,NORWICH,NY,360179706011018,36,017,970601
8407 STEVENSON RD,PIKESVILLE,MD,240054038022018,24,005,403802
N 27TH ST AND FAIRFIELD ST,LINCOLN,NE,,,,
114 N FRANKLIN STREET,MANCHESTER,IA,190559503005002,19,055,950300
140 MAIN STREET,WEST FORK,AR,051430110033064,05,143,011003
3300 S. OAK PARK AVE.,BERWYN,IL,170318154002007,17,031,815400
COUNTY RD. 200 W. AT ABBEY LN.,COLUMBUS,IN,,,,
CHAVENELLE RD ,DUBUQUE,IA,,,,
27667 KAYLYN CIRCLE,HARVEST,AL,010830208031064,01,083,020803
INTERSECTION OF FOSTER WELLS RD AND CAPITOL AVE,PASCO,WA,,,,
286 DAVIDSON DR,GLENVILLE,WV,540219678001004,54,021,967800
10385 HICKORY FLAT HIGHWAY,WOODSTOCK,GA,130570908092010,13,057,090809
14360 CORNELL TAYLOR,TAYLOR,MI,261635845012022,26,163,584501
26 CLINES ADDITION,DAVIN,WV,540459565002020,54,045,956500
103 BEAVER PLAZA,BEAVER,WV,,,,
826 SOUTH HOPKINS ST.,NEW IBERIA,LA,220450308002007,22,045,030800
2124 CHESHIRE BRIDGE ROAD NE,ATLANTA,GA,131210092031000,13,121,009203
3645 E 57TH STREET,CLEVELAND,OH,390351981003003,39,035,198100
312 REDWOOD PLACE,COLLEGE PLACE,WA,530719203021044,53,071,920302
INTERSECTION OF CEDAR ROAD AND WATERS ROAD,CHESAPEAKE,VA,,,,
203 LANDOVER ROAD,BRYN MAWR,PA,420454083002000,42,045,408300
4626 RT. 49,KNOXVILLE,PA,421179503004049,42,117,950300
4940 WEST RAY ROAD,CHANDLER,AZ,040138106001007,04,013,810600
9508 MUDVILLE RD,MILLINGTON,TN,471570207002001,47,157,020700
211 WASHINGTON STREET,SELMA,AL,010479565003046,01,047,956500
RACE STREET ,SAN JOSE,CA,,,,
27 PARK ST,MAYNARD,MA,250173641023021,25,017,364102
10015 W FORT ST,DETROIT,MI,261635246001124,26,163,524600
777 CANYON ROAD,SANTA FE,NM,350490005003010,35,049,000500
LONG STREET,FORT BRAGG,NC,,,,
501 WILLOW BLVD.,WILLOW SPRINGS,IL,170318238013011,17,031,823801
13950 ANDORRA DR.,WOODBRIDGE,VA,511539012031004,51,153,901203
3500 LAKELAND ROAD,GAINESVILLE,GA,131390005013005,13,139,000501
JOHN JAMES WAY ,HAYMARKET,VA,,,,
MARKET CIRCLE ,SALINAS,CA,,,,
HWY 290 E @ S CHAPPELL HILL ST,BRENHAM,TX,,,,
4826 WOODLAWN,ADDIS,LA,,,,
558 N RYBOLT AVE,INDIANAPOLIS,IN,180973417021012,18,097,341702
6997 W CHRISTINE ST,RATHDRUM,ID,160550003031001,16,055,000303
1146 N 32ND ROAD,OTTAWA,IL,,,,
DORMANSVILLE BLVD ,UPPER MARLBORO,MD,,,,
301 EL BETHEL ROAD,CONWAY,SC,450510704001001,45,051,070400
2942 TRIA ROAD,FAIRBANKS,AK,020900010002094,02,090,001000
3906 HOGARTH AVENUE,FLINT,MI,260490036003019,26,049,003600
920 11TH STREET,RAPID CITY,SD,461030108002002,46,103,010800
58 VERMONT STREET,BROOKLYN,NY,360471146002007,36,047,114600
971 HWY. 121,ALLEN,TX,,,,
1177 ABB ROAD,CHATOM,AL,011290440002017,01,129,044000
517 WISCONSIN STREET,WAUPACA,WI,551351010001059,55,135,101000
E. 11 MILE ROAD,ROYAL OAK,MI,,,,
3111 WYANDOTTE ST,KANSAS CITY,MO,290950167003000,29,095,016700
7224 ANNAPOLIS RD,HYATTSVILLE,MD,240338038032029,24,033,803803
5723 SHADY OAKS DRIVE,WINDSOR,CO,,,,
4244 BULLFROG RD,CLE ELUM,WA,530379751041103,53,037,975104
305 POWELL STREET,GLENVILLE,WV,540219678002016,54,021,967800
GATEWAY BLVD. ,WESLEY CHAPEL,FL,,,,
INTERSECTION OF ROCKY RIVER RD AND SECREST SHORT CUT RD.,MONROE,NC,,,,
FERN HOLLOW BRIDGE,PITTSBURGH,PA,,,,
512 HARRIS AVENUE,RAEFORD,NC,370939703004047,37,093,970300
869 FOX STREET,BRONX,NY,360050087003000,36,005,008700
228 W. WALTON BOULEVARD,PONTIAC,MI,261251411002009,26,125,141100
WAIAKAMILO ROAD (BETWEEN HART ST ,HONOLULU,HI,,,,
217 BOSWELL RD,BALTIMORE,MD,245102804032004,24,510,280403
8500 E PARMER LANE,MANOR,TX,,,,
